-- phpMyAdmin SQL Dump
-- version 5.1.1
-- https://www.phpmyadmin.net/
--
-- Host: 127.0.0.1
-- Generation Time: Jul 05, 2023 at 09:22 AM
-- Server version: 10.4.21-MariaDB
-- PHP Version: 8.1.14

SET SQL_MODE = "NO_AUTO_VALUE_ON_ZERO";
START TRANSACTION;
SET time_zone = "+00:00";


/*!40101 SET @OLD_CHARACTER_SET_CLIENT=@@CHARACTER_SET_CLIENT */;
/*!40101 SET @OLD_CHARACTER_SET_RESULTS=@@CHARACTER_SET_RESULTS */;
/*!40101 SET @OLD_COLLATION_CONNECTION=@@COLLATION_CONNECTION */;
/*!40101 SET NAMES utf8mb4 */;

--
-- Database: `satubenih_db`
--

-- --------------------------------------------------------

--
-- Table structure for table `campaigns`
--

CREATE TABLE `campaigns` (
  `id` bigint(20) UNSIGNED NOT NULL,
  `title` varchar(100) COLLATE utf8mb4_unicode_ci NOT NULL,
  `description` text COLLATE utf8mb4_unicode_ci NOT NULL,
  `amount` varchar(191) COLLATE utf8mb4_unicode_ci NOT NULL,
  `user_id` bigint(20) UNSIGNED NOT NULL,
  `duration` varchar(191) COLLATE utf8mb4_unicode_ci NOT NULL,
  `created_at` timestamp NULL DEFAULT NULL,
  `updated_at` timestamp NULL DEFAULT NULL
) ENGINE=InnoDB DEFAULT CHARSET=utf8mb4 COLLATE=utf8mb4_unicode_ci;

--
-- Dumping data for table `campaigns`
--

INSERT INTO `campaigns` (`id`, `title`, `description`, `amount`, `user_id`, `duration`, `created_at`, `updated_at`) VALUES
(1, 'Save Palestine', 'Mollitia sed nemo voluptas aut veniam. Est sed nam fugiat quia ex consequatur maxime. Praesentium et ab temporibus eos. Voluptatem corrupti eos dolor vel et perferendis a maiores. Nostrum est ab incidunt autem nisi non excepturi. Libero recusandae earum voluptas accusantium dolores molestiae omnis. Aut quo omnis aut ut inventore nam. Soluta eos hic doloremque doloribus qui. Esse neque sed maxime possimus ullam cumque provident. Officiis molestiae et et dolor. Omnis officia dolores aut eos itaque expedita quis. Dolorem adipisci quibusdam fuga mollitia reiciendis. Autem autem nobis optio et quia quae nostrum. Illo non doloribus voluptas eum tempore unde. Voluptatem quos repudiandae officiis molestiae. Veniam odio tenetur occaecati qui reprehenderit adipisci. Et aut itaque quibusdam sit reprehenderit. Sit itaque aut doloribus et molestias facere deserunt consequatur. Numquam enim vel in iure laborum itaque. Ducimus commodi sapiente voluptas porro inventore. Nostrum velit harum corrupti iste. Eius dolores numquam eos dolore omnis cum. Qui molestias totam ut labore aut magnam. Praesentium id nisi iure facilis odit dicta distinctio. Itaque pariatur neque maxime perferendis. Aut alias molestiae aut quis et. Hic incidunt esse neque error non inventore eligendi. Molestiae corrupti corrupti rerum dignissimos cumque quaerat. Rerum sit iste doloremque quia animi. Minima veritatis qui velit dolorem eum inventore. Dolorem et doloremque ut natus optio consequuntur. Atque temporibus aut sint perferendis a. Amet est quo quod iure doloremque suscipit. Sint ducimus debitis animi possimus. Minima repudiandae illo consectetur voluptas. Esse quae optio odit sit repudiandae repellendus aut. Consequatur facere soluta quae neque non facere asperiores. Natus delectus quam quia modi cumque ipsum. Blanditiis molestiae fugiat ea itaque nulla et hic quia. Voluptate earum vitae sit ratione et. Omnis possimus est omnis. Vero ut natus quae tempora. Assumenda qui eos culpa nulla. Doloremque ut qui dolore corrupti impedit. Quod voluptas quisquam pariatur placeat eligendi. Molestiae ipsam reiciendis ut ut recusandae sit sint. Enim dolor assumenda eaque error nostrum eum laboriosam. Sed fuga voluptatum dolore labore delectus voluptatem autem. Necessitatibus rem exercitationem aut sed cupiditate. Rerum ducimus dignissimos aliquid nemo ipsa aut rerum. Sit eum quod incidunt.', '9500000', 4, 'help', '2023-07-04 22:26:04', '2023-07-04 22:26:04'),
(2, 'Free School', 'Dolores corporis consequatur aliquid eos et nemo. Eaque optio ut maxime et non sapiente itaque quis. Cum dolorum qui soluta omnis omnis similique accusantium magni. Ducimus quam cumque minus totam reprehenderit est dolor quisquam. Quia modi aperiam molestiae fuga ea optio. Non veniam et dolorem. Et iste totam debitis ipsum exercitationem. Recusandae in eveniet nam. Quia ut veniam inventore quisquam et illum. Et adipisci doloremque aliquid. Quidem omnis voluptas dolore aperiam. Unde quisquam libero nobis voluptas quo qui. Harum dolorem ad ipsam voluptate est. Non tempora sed mollitia doloribus aliquam aut. Omnis et minus nesciunt. Rerum commodi dolor illo praesentium unde aut. Tempore deserunt quam laboriosam deserunt veritatis. Quas cumque nostrum voluptatibus enim hic veritatis. Recusandae doloremque exercitationem voluptate aut. Eaque hic fugiat sequi aut necessitatibus sapiente. Qui omnis distinctio vel optio. Consequuntur minima voluptates recusandae ad velit libero aut. Ut voluptas officia ullam ut ratione. Veritatis amet quos officia. Et assumenda pariatur non nobis architecto. Vel quos ducimus voluptatem velit qui. Accusamus fugiat commodi consectetur veritatis totam dolor. Quod voluptate voluptatem quis et. Dolorum omnis eum quas alias asperiores. Sit eius temporibus nisi nobis. Omnis velit officiis est est sit error iste. Et alias quia aut aut tempora labore dignissimos consequatur. Mollitia culpa qui quaerat consequatur. Magnam vitae voluptatibus natus excepturi neque dolor nobis. Odio vero maiores exercitationem dolorem. Quas repellat accusantium facere modi. Qui vel rem ad suscipit at. Earum nostrum recusandae et nemo. Cumque facilis dignissimos et eius porro et. Officia qui sequi vel autem et et. Voluptatem architecto temporibus voluptatibus esse est nostrum cupiditate. Voluptas non rerum magnam nihil et sed quasi. Assumenda sint non sunt qui praesentium. Ut rerum est voluptatum hic at illum. Earum nobis suscipit rerum dolorum tenetur facere amet dolorum. Provident cupiditate sit in. Sit voluptatem at earum cum nostrum illum et. In dolores quidem exercitationem nostrum. Placeat distinctio sunt fugit omnis odit qui. Corporis eveniet rem libero quia similique tempore vel. Quisquam tenetur error maxime tempora. Qui quo autem officiis fugiat. Ut est ipsum dolore ut sunt ut. Praesentium autem ea sunt ea est minima aut. Ratione repellendus et occaecati qui quis maiores. Maiores voluptas voluptatem reprehenderit hic dolor consequatur est. Aperiam accusamus vel autem et porro debitis amet autem.', '4500000', 5, 'study', '2023-07-04 22:26:04', '2023-07-04 22:26:04'),
(3, 'Internet for Papua', 'Occaecati nemo soluta cupiditate et ad vel. Est rerum in blanditiis cum sed alias laboriosam. Velit aut enim laborum. Quo ullam dolore possimus veritatis est exercitationem. Omnis quis dolor animi eius impedit. Quod non et doloremque facere. Optio necessitatibus nihil repudiandae. Omnis facilis non maiores molestias. Non minima qui architecto libero qui saepe dolor. Quisquam veniam harum sed. Consequuntur autem et saepe asperiores tempore. Eum repudiandae sit incidunt non autem repellendus. Illo impedit modi modi adipisci veritatis qui natus. Suscipit qui vitae reprehenderit voluptas. Blanditiis alias itaque et molestias minus. Veritatis unde perferendis eos illum atque omnis ut. Asperiores dolore voluptatibus atque in. Doloremque fugit ut aut veniam ut. Consequuntur molestias earum illum voluptatibus iure consequuntur. Dignissimos sunt placeat provident nesciunt molestiae veniam eius. Aut aut aliquam commodi rerum praesentium possimus. Minus nulla ratione est et. Voluptatem ut repellendus dolorem itaque sapiente nulla. Nihil aut fugit itaque quia maiores tempora. Cumque et commodi nesciunt. Minus quisquam occaecati omnis molestias vel nihil voluptatem. Dolores ut eum laudantium cupiditate earum aut. Natus quia et illum deleniti omnis. Dolorum perferendis assumenda maiores ipsam itaque autem rerum. Modi non soluta porro. Accusamus perspiciatis quas sed corrupti error dolorum illo unde. Ullam possimus sit id expedita est. Quia modi voluptatum consectetur veritatis numquam natus sit. Repellat aut sequi officiis. Iusto perspiciatis est aut nulla nam. Suscipit numquam laborum qui dolores. Tempora molestiae non reprehenderit dolorem consequatur. Dolorem facilis sapiente et aperiam. Quia quibusdam quae et. At eum est id repudiandae aut dolor. Et repellendus deserunt optio a saepe consequatur quia et. Reprehenderit omnis est sapiente recusandae eaque. Laboriosam provident assumenda vel dolor placeat deleniti. Omnis laboriosam quis vero et. Asperiores sed totam aliquam sunt dolorum tempore quis est. Dignissimos quas labore natus ab quo harum error. Unde et eligendi enim ab mollitia ab vitae. Ut totam possimus consectetur dolorum.', '7500000', 9, 'help', '2023-07-04 22:26:04', '2023-07-04 22:26:04'),
(4, 'Help Cancer Sufferer', 'Itaque aut rerum expedita nulla fugit voluptates harum. Animi praesentium est minima quis consequuntur. Qui repellat sed ut debitis. Ratione ipsum nihil non pariatur illo soluta praesentium. Ab possimus harum dolor dolor amet voluptate iusto. Voluptates nemo dolores sit veritatis est quis aut. Impedit quo delectus rem dolor. Laboriosam rerum rem sit. Cupiditate et aut quis eligendi consequatur totam at. Voluptate voluptates sint qui. Aut eveniet quod placeat molestiae cum explicabo eveniet. Animi quas et amet sit quasi rerum illo. Nihil consequatur non possimus officiis. Et aut non molestiae explicabo. Dolorem natus eligendi vitae. Aut sed tenetur tempore. Ea qui architecto soluta dolores quod. Est qui quasi voluptatem ut officiis impedit. Quis voluptatem sit vel autem et corporis animi. Accusantium dolorem dolor ullam voluptates qui aut. Et expedita repellat ipsam est omnis soluta. Similique incidunt sunt architecto error sit pariatur. Voluptatibus soluta porro occaecati. Distinctio repellat possimus consequatur ea et doloribus. Asperiores perferendis est et quos repellendus aliquid. Molestias minus illo quaerat libero autem perferendis sed. Id in ex impedit et in sit rerum. Aut vero atque delectus sunt ipsa id est at. Dicta fugiat sit beatae esse. Animi architecto fugit dolorem et expedita. Ut nisi minima corporis perferendis nemo quis dolore. Dolore consequuntur similique et rerum et unde. Adipisci quod exercitationem tempora perspiciatis vero corporis. Sit ut non consequatur modi in sint. Aperiam blanditiis temporibus dignissimos. Est reiciendis et voluptatem iure. Dolorum et atque blanditiis voluptas eum. Porro voluptatem autem deserunt a officiis. Est nemo corporis facere ea ut voluptates exercitationem. Ut et consectetur aperiam quibusdam quod incidunt. Praesentium ea atque officiis rem sit explicabo. Vitae consequatur nulla quae enim nam quibusdam. Eveniet est minus in vero ipsa. Maxime qui quo iure soluta. Vitae sapiente sunt dolorem eligendi. Optio doloremque voluptatum vel accusantium soluta. Excepturi unde sunt rerum nam error. Molestias voluptas consequatur in pariatur. Iusto quam aliquid et. Hic aut non et repellendus. Voluptas ad eveniet sed omnis. Et molestiae ut autem nostrum non qui qui veritatis.', '8500000', 9, 'help', '2023-07-04 22:26:04', '2023-07-04 22:26:04'),
(5, 'Australian forest fires', 'Praesentium eos harum illo minus quod reprehenderit doloremque. Odit necessitatibus autem facere vitae voluptatem et facilis. Consequatur hic totam et omnis id et illum. Molestias eius porro voluptas cum reprehenderit. Et provident soluta omnis omnis qui optio inventore in. Quibusdam ex eaque error beatae. Totam sit amet non alias quia. Temporibus eaque ratione quibusdam consectetur quae. Maxime reprehenderit quidem aliquam ut. At soluta eum facere qui ad nostrum non. Possimus accusantium voluptatibus fugiat praesentium quos sunt. Non sunt atque cupiditate corrupti. Tempora excepturi dolores quaerat et fugit quam. Est commodi quia est sit. Esse quod nihil in vel id mollitia reiciendis. Rerum possimus ex magnam tenetur qui. Quos modi dicta incidunt. Sunt repellat odit qui earum molestias dolorum. Dolor et et hic deleniti quam. Aut magni iusto eveniet libero. Voluptas ratione culpa sequi. Consequuntur ea qui aut sequi. Voluptas nam ut aut beatae illum qui non. Aut explicabo nesciunt ipsum libero nostrum dignissimos. Accusantium inventore rerum et recusandae reiciendis. Alias dolor adipisci recusandae hic suscipit. Doloremque beatae aut qui magnam reprehenderit. Doloribus odit et quaerat cumque nulla est. Voluptatem perferendis qui enim enim explicabo. Consequatur non dolor molestiae commodi blanditiis tenetur ab libero. Magni expedita distinctio iste impedit est quas consequatur. Rerum et eos est quaerat quo ut. Tempora similique quo inventore aliquid sapiente molestiae sint. Quia amet voluptas ipsum voluptatem sequi voluptas tempora possimus. Exercitationem odio ipsum quas qui vel. Non error tempora sint in et voluptatem. Error non aut tempore dolor.', '1500000', 7, 'giving', '2023-07-04 22:26:04', '2023-07-04 22:26:04'),
(6, 'Help Flood Victims', 'Maxime eum et sed aperiam quam nihil. Aliquid aut et atque earum iusto qui quasi iusto. Illum eius rerum laudantium voluptatem molestiae atque. Eveniet labore nemo est labore ut molestias et. Nesciunt nesciunt labore fugit natus. Dignissimos officia voluptate sunt dignissimos. Quis aspernatur suscipit aperiam officia voluptas. Omnis eligendi facilis doloremque sit vero reiciendis magnam. Fugit nam voluptatem sint aspernatur assumenda veniam voluptates. Illo ut assumenda aut. Quas error ut et maiores ad. Ut cum et iusto iusto alias. Velit asperiores qui eos voluptas labore voluptas. Maxime ipsum non officia quibusdam et sit. Dolorem qui veritatis minima nemo non eos officiis maiores. Sint error non optio. Voluptate dicta suscipit eum omnis sint qui iste. Quae dolores ea temporibus perferendis dicta. Sunt eligendi autem impedit quia nesciunt. Vel aspernatur ut architecto quo eos laborum aperiam consectetur. Maxime impedit dolorum beatae aliquam dolorem. Vitae earum tempore aut reiciendis molestias. Cum enim at sed sed asperiores. Ut dolor eos autem debitis. Fugiat saepe at facilis et assumenda. Necessitatibus tempora repudiandae ut saepe qui. Consequatur quis id distinctio quidem exercitationem ut. Sit inventore recusandae esse at sit facere. Adipisci nostrum et quae atque labore. Tempore nihil voluptatibus magnam rem. Molestiae et alias aut expedita hic. Mollitia et a laboriosam corporis dolores qui voluptate. Ad eos fugit nostrum iusto unde officia non.', '5000000', 6, 'help', '2023-07-04 22:26:04', '2023-07-04 22:26:04'),
(7, 'School for villager', 'Eveniet ut aut distinctio quaerat. Optio expedita aperiam occaecati eius nihil fugiat. Ad amet error accusantium provident asperiores. Unde sed rerum sit eos pariatur voluptates. Sint reprehenderit aspernatur earum sint consequuntur. Perferendis et similique molestiae sit. Et facere commodi sit ea ea. Id qui sed aut et nihil sint voluptatibus. Eos sunt ducimus voluptatibus dolorem eveniet quo. Sit ab nulla et placeat nemo voluptates quo. Molestias natus est voluptatem veritatis natus voluptate laboriosam. Eum rerum porro distinctio placeat pariatur fugit. Quos nostrum quas ad earum perferendis. Dignissimos occaecati nihil exercitationem dignissimos. In earum quo autem dicta autem consequuntur dignissimos. Ea sunt atque excepturi magnam. Minima ipsum hic sit rerum ut. Illum non ut rerum ratione rerum. Ipsa voluptatibus a tempora architecto animi. Quisquam repellendus praesentium autem. Ducimus asperiores sed quo est commodi deleniti sunt. Ad rerum quo expedita porro. Tenetur enim quae facilis et possimus. Sit vel exercitationem et dolorum molestias est. Ea cum tempore possimus perferendis. Ex dolor animi accusantium culpa laudantium non et. Rerum ratione ullam nulla quaerat voluptas sint aut aliquam. Saepe quae iure vel beatae eos non in tempora. Illum totam est eligendi maiores aut modi. Ut voluptas ad velit et id nihil. Illo tempore perferendis est perferendis. Harum architecto libero provident minima illum eveniet. Ex dolores voluptatum facere voluptas nobis. Est sapiente suscipit aperiam necessitatibus possimus est minima dolores. Velit neque quia est facere et. Aut rerum qui sint eos incidunt et id ad. Ipsum a voluptas cum et est expedita voluptas eum. Facilis qui dolores voluptatum consectetur aspernatur enim. Eius repudiandae sint cum officia commodi. Inventore eos corporis aut fuga ut quia. Dolor alias perspiciatis ex omnis. Et cum error beatae. Velit odio eum ex quis dolorem ea. Laborum in et ducimus velit quaerat eveniet. Molestiae voluptatibus enim nulla aut necessitatibus et. Sint nobis provident qui odio illum. Enim velit non dolor esse minus. Commodi quam occaecati animi. Ex consequatur et vel ut quis. Rerum consequatur eos sit tempore. Culpa sed non minus molestiae rerum beatae. Distinctio quia temporibus dolorum maxime voluptatem.', '4500000', 9, 'study', '2023-07-04 22:26:04', '2023-07-04 22:26:04'),
(8, 'zakat together', 'Qui voluptates ad eius animi at. Est magni voluptate voluptas natus autem. Aut consequatur eos eos assumenda vero sunt accusantium. Qui laudantium occaecati vel praesentium quia molestias ut tempora. Consequatur magnam rerum aliquid voluptates sapiente ut non. Atque quaerat reprehenderit aliquid nisi non aliquid dolores. Neque iste ipsa sit quas itaque aut aut. Ut qui cupiditate expedita repellat dolor maxime labore. Iure illum enim ut et. Ad quo dolorem soluta a aut. Aliquid tenetur laboriosam quae incidunt. Voluptates sit sit iusto ea. Ullam qui qui est doloribus earum commodi voluptate. Beatae dolor ut atque voluptatem quis molestiae magnam deleniti. Laborum eos molestiae ut aut quia facilis. Porro qui aut id voluptatem. Laudantium repellat dolore voluptas tempore facilis maxime. Fugiat et nobis facilis. Aspernatur iusto qui fugiat sed voluptas sunt consequatur. Dicta blanditiis fuga odit occaecati labore modi. Vitae modi id aliquid aut et distinctio. Placeat similique aliquid laborum harum dignissimos quis. Reiciendis quam sit doloremque distinctio optio quis deleniti non. Assumenda distinctio eveniet illum sed voluptatibus voluptas. Maiores recusandae rerum itaque est fugiat amet ipsam. Voluptates sapiente atque recusandae iusto. Ut sit et temporibus voluptatibus officiis. Ut voluptates et et. Aut aut minima in omnis est eveniet. Provident iure ut provident rerum. Et ipsa corporis tempore quia. Eos provident omnis et autem non ducimus. Qui quibusdam omnis itaque velit quia quia voluptatem. Dolorum vel dolore maiores reiciendis omnis dolorem. Ipsum eos libero officiis inventore nihil. Natus nam porro saepe debitis magni. Omnis inventore delectus non. Blanditiis sequi autem rem ducimus libero. Optio facilis voluptatum culpa quod. Est mollitia error accusamus rerum perspiciatis ad eos. Perspiciatis omnis odit voluptatem nostrum rerum quo. Laboriosam iure quas qui. Consequatur dolor nihil deleniti et. In qui non iure voluptatibus et et. Illo ratione ut dignissimos libero. Voluptatem voluptas et eos sit aut et ea. Enim ratione voluptatem minima. Modi voluptatem maxime dolorem autem sint est veniam. Tempore et iure eum beatae ullam aut sit. Consequatur reprehenderit voluptas et optio nostrum. Quisquam qui est velit alias quae ea occaecati. Et ut et natus suscipit. Enim est qui est ut. Voluptatibus deserunt esse et doloremque labore minima in. Qui expedita distinctio corporis sed ab harum delectus. Quia optio quaerat molestiae vel. Omnis qui reprehenderit nisi totam. Et nihil et aut deleniti voluptates tenetur. Sit libero molestias necessitatibus omnis. Ut est et harum ut quasi minus quia. Molestias et optio aut eveniet error voluptatum et. Ut dicta et enim nam consequatur omnis ratione. Soluta exercitationem ea nihil. Quibusdam voluptatem dolorem et tempore est molestiae ratione rerum. Similique iure quo cum officia.', '8500000', 1, 'giving', '2023-07-04 22:26:04', '2023-07-04 22:26:04'),
(9, 'Help Mental Health', 'Magni rerum et autem et. Alias magni blanditiis molestiae et sunt. Facilis debitis est aut deleniti hic at incidunt. Quod voluptatum ut harum enim quasi. Nihil labore ullam repellendus ducimus at saepe et. Rerum ratione quia ea. Inventore cumque et nihil voluptatem fugit nulla. Non ipsa odio voluptas et id. Qui quis sapiente velit nisi voluptatibus. Id ipsam tenetur dolor vel. Natus ut natus voluptate hic pariatur ipsam. Consequatur qui id illum officia hic provident. Eaque dolor impedit similique occaecati mollitia pariatur ea. Nam est aut rerum voluptatem ab in. Libero nihil neque officia est nobis accusamus. Modi ullam dolor atque officiis dolorem aut. Placeat repudiandae voluptatem error autem qui veritatis. Blanditiis aut illum sed qui. Minima ipsum accusamus delectus adipisci veniam. Ullam nobis qui consequatur enim. Aut et eaque tempore qui voluptatem nisi sit. Ipsum est sit necessitatibus nisi eum itaque. Et laboriosam non iste iste laborum rerum odit. Accusamus voluptate illo a sequi autem. Et laudantium nesciunt in dolorem. Sed tempora et repellat dolorem eum at rem. Adipisci sed non est et et voluptatum. Voluptatibus ut mollitia aliquid quia. Molestiae aperiam odio aut animi recusandae et repudiandae. Atque nam molestiae sed. Eveniet minima magni doloribus at accusamus laboriosam. Consequatur sunt omnis quis praesentium dicta quas est qui. Odit consequatur cumque sit voluptate facilis et. Nulla nihil reprehenderit exercitationem animi. Esse qui ratione deleniti assumenda reprehenderit id. Non debitis quia excepturi officia atque odio. Sit ut pariatur adipisci quibusdam. Autem optio qui distinctio dignissimos. Fugit sed id incidunt esse facere labore reiciendis. Et quis nam delectus dolorem. Laborum et laboriosam sed et expedita sed ex. Aut odio libero deleniti omnis unde. Quod provident et dolorum architecto et natus. Quia animi ab ex alias sapiente voluptatem voluptas iusto. In veritatis veritatis magni molestiae doloremque. Ut sunt cum ex qui et nemo. Quia ea deserunt rerum deserunt eius et harum dolore. Id rerum atque quibusdam est. Delectus voluptas qui temporibus eum ut. Culpa error labore explicabo ut veniam in consequatur aliquid. Enim doloribus occaecati est velit consequatur odit. Ad voluptatum quo est laborum vero quae placeat. Ut quos eum magnam explicabo autem nihil eos porro.', '3500000', 7, 'help', '2023-07-04 22:26:04', '2023-07-04 22:26:04'),
(10, 'Africans School', 'Voluptatem deserunt nesciunt sunt sed sed deserunt. Sit distinctio velit praesentium est cupiditate est sed laboriosam. Rerum dolorum ipsam pariatur non sit. Iusto aut eius nostrum et officia odio. Perferendis tenetur dolores mollitia nulla. Quas sit vel ut deserunt suscipit. Dolorem et sit quidem natus. Aut debitis eius doloribus molestias suscipit rerum. Recusandae pariatur asperiores illo. Unde et hic aut. Et repellat inventore illo voluptate porro aut quisquam. Sint repudiandae voluptates corporis dolorem. Numquam aut dicta et qui. Quibusdam est ut nulla recusandae. Ut asperiores tempora ipsum. Accusantium ipsam ut omnis dolorem provident ex. Velit explicabo blanditiis qui cumque consequuntur. Minus cum aut et maxime reprehenderit fugiat. Sequi quia culpa quisquam cum. Eum adipisci omnis fuga tempore. Earum molestiae qui quam quia quos. Reprehenderit eligendi quo et doloremque nulla quisquam similique. Neque unde molestias magnam praesentium aperiam non. Ad et nihil incidunt. Quidem officiis asperiores sed rerum eius nulla consequuntur et. Molestiae possimus iusto corporis occaecati accusantium. Ad aliquid id sit qui. Ut impedit perferendis assumenda quo. Enim consequatur laboriosam delectus quo omnis ut autem. Sint vitae animi reprehenderit velit aliquid vitae. Iste inventore officiis et harum. Rerum impedit harum cupiditate soluta aliquam rerum rerum. Perspiciatis ab dolore voluptatem minima aliquam est. Enim deserunt eius facere et porro voluptatibus. Est magnam explicabo a repellat reiciendis beatae eaque. Et ullam qui dolorem maxime. Ullam reprehenderit molestiae dolore blanditiis quisquam quam. Illo cumque esse facere est doloremque. Aut molestiae autem excepturi rerum iste aperiam velit. Necessitatibus magnam aspernatur illo ut assumenda facere in. Quia velit earum animi sit dolorem. Voluptas aut nihil ipsum et delectus optio cupiditate. In tempora delectus et. Veritatis ut mollitia sunt explicabo officia sed. Tempore distinctio ipsum fuga ducimus culpa velit. Velit est illo maiores repellat ut eum. Dolore voluptas dicta sint dolor. Veniam aut aut omnis commodi nihil et. Impedit illo natus eligendi. Consequatur quos velit dolor consequatur.', '4500000', 3, 'study', '2023-07-04 22:26:04', '2023-07-04 22:26:04'),
(11, 'Donations together', 'Corrupti earum dignissimos impedit placeat tempora ipsa. Veritatis animi cupiditate amet id. Nobis voluptatibus omnis necessitatibus quae. Voluptatem qui nesciunt ipsum sequi consequatur amet dignissimos. Quos eum rerum voluptatem repellat vel. Et molestiae odio enim a libero cumque dolore. Consequatur incidunt cum est possimus vitae cum. Est placeat nesciunt culpa nesciunt vero sit. Qui quis neque blanditiis non. Voluptatem ea dicta et et enim blanditiis rerum doloribus. Qui doloribus aut et et quia recusandae. Minus suscipit nobis voluptatibus aut labore est sint provident. Voluptatibus recusandae velit exercitationem sequi qui ad illo. A rerum eum dolores fugit assumenda ut. Laborum aut sint ut minima earum cum. Molestiae nulla repudiandae dolor ullam deserunt. Fugit velit doloremque architecto fuga numquam autem. Sequi maiores tempore doloribus ducimus voluptas accusantium. Numquam quas odit rerum vel nemo impedit. Fuga dolorum dolor velit officiis. Atque et laborum facere qui. Dolor quae qui natus. Molestias blanditiis omnis temporibus laboriosam. Laboriosam omnis sit repellendus. Velit quis aut aut impedit voluptate repudiandae. Sit doloribus neque assumenda dolores quo quos perspiciatis et. Eos quia delectus suscipit at in. Occaecati officia eaque et modi eum modi. Eveniet reiciendis rerum nostrum pariatur fugiat laudantium. Deleniti aut amet tempora. Quo voluptatibus sequi aliquam. Qui ea molestiae laudantium possimus nam vel. Dolore voluptas dicta accusamus ut. Possimus neque nemo rerum at possimus perspiciatis. Ex harum adipisci corrupti incidunt dolorum. Aut deleniti est et. Ab et est fuga et non nobis. Repudiandae quis voluptates quod rerum aut ad atque. Quis consectetur dolor deserunt quia quo consequatur aliquid. Cum et eum enim unde veritatis temporibus quo inventore. Velit laborum repudiandae in voluptates optio minus. Ipsam quis doloribus eum molestias qui animi.', '6500000', 2, 'giving', '2023-07-04 22:26:04', '2023-07-04 22:26:04'),
(12, 'Help villagers\' needs', 'Laborum ipsam eum eum amet aliquam. Tempore aut et aut. Perferendis omnis dolore tenetur qui. Neque iure officiis aperiam harum blanditiis a. Suscipit quibusdam ea maiores qui. Totam aut laboriosam exercitationem iste amet ab. Quia quia incidunt et esse enim. Voluptatem rerum sint non. Sequi eos dolorem perspiciatis. Quia qui omnis ipsam eius qui. Qui sed dolor saepe explicabo rerum praesentium ipsam. Voluptatem consequatur laudantium odit ut. Error doloremque in amet dolore dicta est numquam. Id quia cumque rerum eos nesciunt doloribus. Deleniti quia occaecati sit officiis itaque. Natus voluptatum et incidunt qui. Ducimus voluptas vitae ullam vitae voluptatem pariatur et. Est officiis minima dolores non. Iste unde facilis animi harum architecto voluptatum omnis. Doloribus eveniet illum voluptatum. Nam pariatur ipsa laboriosam laboriosam ab. Nam labore tempora eaque labore quae et. Perspiciatis asperiores eius odio excepturi nihil. Error consequatur consectetur a quo et. Qui commodi temporibus iste eaque. Et quibusdam et explicabo aut quod ratione. Repellat sit nulla et voluptatem. Minus debitis saepe aliquid qui qui voluptatem. Iste rerum et voluptate quae. Cupiditate ea consequatur quasi fuga sed recusandae voluptate excepturi. Quo quae praesentium sint iste. Numquam molestiae cum impedit provident hic et quidem eos. Dolore hic sapiente totam magni. Quia impedit eveniet vitae rerum autem qui. Velit quisquam cumque consectetur voluptas voluptatum facilis at provident. Ullam animi quisquam ad consequatur non aliquam. Laudantium voluptate nobis ut dolorum nisi animi ut velit. Repellendus omnis libero accusantium ea laboriosam et fugit iusto. Quidem libero vero dolorum nihil quo saepe. Quae voluptatum consequuntur magnam totam iure vel. Sequi nihil nostrum veritatis ipsam. Expedita quo aut nihil ea accusamus nemo praesentium. Dolore sint ut sed qui temporibus molestias ipsa. Deserunt rem et sed. Temporibus sint ipsam est doloribus ad aut. Nihil minus repellendus labore quia consectetur debitis aliquam illo. Enim molestias modi vitae id eligendi alias omnis saepe. Asperiores reprehenderit atque deserunt enim impedit et natus. Pariatur dolore aspernatur sunt quam aut dolorem est. Cumque accusantium aut asperiores. Ab ut velit tenetur occaecati recusandae. Et qui pariatur eos iure aut consequatur. Dolores qui accusantium quia tempora maiores perspiciatis ipsa.', '7500000', 1, 'help', '2023-07-04 22:26:04', '2023-07-04 22:26:04'),
(13, 'Kalimantan\'s forest security', 'Iure aut et omnis quis totam. Ipsum voluptates quos repellat rerum qui similique repudiandae. Explicabo eveniet quibusdam beatae repellat molestiae est. Aut sapiente sit sunt aliquam unde. Dolores unde at temporibus consequatur minima voluptatibus autem aut. Placeat cupiditate beatae minus ut. Id voluptatem laboriosam quis sunt nesciunt. Consequuntur quisquam possimus et dolores. Alias et beatae incidunt cum non dolorum voluptatem fugit. Dolores qui accusamus nesciunt unde sed necessitatibus. Ut magni sapiente magnam iusto nemo nobis. Voluptatum amet officia id praesentium. Fugit dolor temporibus ad iure aut qui. Aut ut quasi voluptates necessitatibus. Ex laborum magni vitae ipsam animi. Et tenetur deleniti sit nihil nihil quo repellat. Ullam autem illum consequatur recusandae vitae deleniti nam. Eaque voluptas provident quidem voluptas tempore quo ratione. Consequatur ea nesciunt quisquam rerum. Sapiente et illo molestias asperiores optio enim doloribus. In qui distinctio quidem autem quibusdam. Occaecati mollitia similique mollitia. Voluptatem officiis in rerum quibusdam cum. Voluptate quo dicta voluptatem labore alias ut quia. Consequuntur occaecati ea illum suscipit voluptas ut rerum. Dolore reprehenderit voluptas quos quibusdam dignissimos quis. Aut praesentium accusantium eaque nulla. Nesciunt vitae eum dignissimos ut delectus hic cum. Modi voluptatum vel odit magnam porro architecto. Soluta aut odio sed praesentium aut vero. Aut et et ut tempora dolorem nobis eligendi. Fuga et laudantium inventore beatae ducimus consequatur. Laudantium et cum dignissimos sint recusandae repellendus et. Est quidem rem laudantium nobis magnam accusamus sequi. Quasi sit aliquam et molestiae hic ratione. Consequatur pariatur quos minus dolorem illo vel. Delectus et dolor facilis aliquam quo suscipit. Aperiam voluptatum vitae id repellendus. Qui sint cum reprehenderit debitis dolores ea itaque. Eligendi et soluta eum magnam ab autem expedita. Optio sequi voluptates aspernatur velit repellendus sit omnis perferendis. Et inventore vero eum. Sequi alias commodi aliquid doloribus et et illum. Enim ut ut et doloribus. Laudantium pariatur et non ducimus blanditiis blanditiis iusto sint. Reprehenderit delectus eius dolor magnam velit omnis. Blanditiis molestias sit veniam.', '7000000', 5, 'help', '2023-07-04 22:26:04', '2023-07-04 22:26:04'),
(14, 'help forest fires kalimantan', 'Eius fugit molestias error ut amet exercitationem. Sunt officiis quis voluptatem nulla assumenda id reiciendis quis. Reiciendis placeat ex aliquid temporibus sit. Sit et ut aut est omnis quia. Autem aut quae corrupti ullam exercitationem dolorem eligendi. Dolor nostrum dolores neque odit accusamus ab et qui. Expedita dolores aut porro fugiat. Odit et distinctio quas quo magni. Dolor neque quo delectus non itaque a quia. Est quis et quisquam eligendi fugit perferendis. Eius consequatur tempore modi omnis ut. Dolorem et ab ipsam ea dicta sit enim eos. Illo beatae iste nobis molestias ut deserunt quod. Vel quisquam natus laboriosam vitae. Quia est laboriosam quia repellat repudiandae. Nulla sit ex ipsa quas rerum distinctio. Architecto aliquam repudiandae adipisci natus quia. Et autem atque maiores voluptatem. Totam fugiat porro quas maiores fuga. Ut quia et expedita qui illum. A dolor et vero rerum error temporibus. Quaerat nostrum eum id vero doloremque. Eaque totam temporibus aspernatur sit rem. Aspernatur eum dolore velit recusandae in quibusdam voluptatem. Voluptas odio inventore dolorem fugiat provident. Architecto cum excepturi et aperiam maiores quae deserunt. Velit ad quis voluptas sed dolore minima amet. Cumque occaecati nemo eligendi adipisci eum at amet. Nesciunt amet rerum consequatur rerum consequatur illo soluta consequatur. Dicta quos enim ab dolorem et. Quos nemo rerum aliquam repellendus temporibus ut. Rem inventore doloribus libero cum. Veniam velit quia voluptatem corporis quas soluta officia. Aliquid libero fugiat dignissimos aspernatur fuga beatae. Esse eaque sed animi minus ipsa ut. Aut omnis ut expedita. Consequuntur autem velit repudiandae ut. Error quod minus qui quis repudiandae quam debitis. Ut velit omnis corporis sunt. Adipisci dolores officia exercitationem omnis facilis minus esse. Consequatur iure voluptatem voluptate laboriosam qui animi. Excepturi numquam voluptatibus sint voluptatem. Quam fuga quo sapiente in ut quos enim. Et qui id dolorem nisi. Ea distinctio ipsum sunt. Distinctio molestias nihil saepe ipsum voluptatem atque eos. Vel nobis rerum dicta voluptatem ut. Eveniet tempore odit nihil quam a aliquam. Eos earum sit in. Dolores qui iste eveniet id et. Quis sint cupiditate saepe optio.', '3500000', 7, 'help', '2023-07-04 22:26:04', '2023-07-04 22:26:04'),
(15, 'Help stunting\'s needs', 'Non facere non aut esse pariatur suscipit. Voluptatum ullam sed qui excepturi nulla vitae hic. Voluptate porro aliquam assumenda. Laboriosam iure eum ut aut et natus ad. Omnis eos nobis omnis aperiam architecto quis. Corrupti et iste a facilis. Dolores dolorem corrupti deleniti cupiditate debitis eos laudantium sunt. Provident omnis repellat corporis ut. Atque placeat similique ipsum. Inventore sit ut modi et magni quibusdam aut. Ratione blanditiis quis perspiciatis consectetur minima. Odit dolorem iure nesciunt. Sunt quia libero maiores dicta qui illum et. Doloremque et amet odio accusantium aperiam. Est ipsum sed nisi. Dolorem consequuntur voluptas voluptas optio ex consectetur. Alias porro quibusdam deleniti sint veritatis quia. Quisquam vel voluptates sunt vel omnis. Non quidem distinctio aut harum laboriosam quia qui. Repellat tenetur autem vero. Eius accusantium nisi aliquid quisquam et explicabo et. Corporis atque consequatur impedit omnis. Dolorem sit numquam fugiat placeat aut delectus. Sed sint voluptas eum. Officia corrupti vero dicta qui voluptatibus et. Sed accusantium aut consequatur unde illo. Ut quia eaque ut sapiente accusamus consequatur. Saepe eum hic eligendi corrupti autem omnis provident dolores. Nobis dolorum ratione sit aut placeat modi quo.', '8500000', 2, 'help', '2023-07-04 22:26:04', '2023-07-04 22:26:04'),
(16, 'Help for Ukraine', 'Quibusdam magni quod sint non unde vel consequuntur. Ratione quasi quis nostrum. Natus et perferendis et repellat porro provident. Molestias sapiente et unde ut autem. Ut ut in et doloremque ipsa cupiditate vel. Non debitis qui nesciunt omnis. Aspernatur aut unde dolorem molestiae. Sequi eum est fuga repellendus libero esse. Ut quo sit voluptatem debitis perspiciatis fuga est. Inventore recusandae aut consequatur corrupti fuga repellat corporis. Quia minus quia temporibus soluta voluptas qui. Maxime molestiae iste earum id recusandae enim. Voluptatum voluptate quos quis qui. Totam esse rerum sit voluptatem. Maiores necessitatibus officiis a deleniti deleniti adipisci. Dolor occaecati nemo cumque rerum assumenda et. Rerum et rem consequatur qui atque. Asperiores molestiae atque labore sequi dignissimos commodi. Nostrum quia in nobis dolores. Dolores vero est delectus. Aut aliquid expedita ut autem alias et ducimus. Quia quidem et officiis voluptatem vitae. Itaque debitis reprehenderit molestiae quis. Reprehenderit dolore iusto magnam quod voluptates minima. Deleniti eum ut dolor nemo eveniet. Quae in aut recusandae hic odio quisquam expedita. Aliquam id voluptatum minus libero omnis ut. Distinctio debitis quidem reiciendis aut illo repellendus. Quidem eveniet omnis est dignissimos. Est animi alias asperiores dolor illo. Eum omnis itaque dolorem rerum consequatur odit maiores. Explicabo dignissimos enim nemo placeat. Dolorum repellendus et aliquam sit ipsa quia. Mollitia dolorum et voluptatem ipsam vel. Nulla ut cumque nisi error ea alias. Recusandae ea recusandae quibusdam amet nulla tenetur. Provident et exercitationem unde vero voluptatem natus. Ut delectus voluptatem et dolorem. Sapiente porro itaque natus illum aliquid. Cum eum eveniet facilis ratione soluta libero. Suscipit accusantium enim est qui nobis qui itaque. Rem quidem amet alias velit. Praesentium aut aspernatur aut eveniet delectus at. Accusantium soluta possimus quaerat aut quaerat atque est. Temporibus cupiditate et veniam vel consequatur. Eaque ut aut et amet quam modi ut. Similique nobis dolorum magnam illum sint. Sit eos dolor et expedita quis dicta ea. Iure molestiae corrupti expedita maiores quia. Rerum assumenda sunt repudiandae assumenda quas repudiandae commodi. Repellendus ex est rerum. Accusamus fuga numquam exercitationem quos adipisci ducimus. Debitis omnis provident doloribus odio. Fuga et repellat veritatis sed ut. Hic omnis sint quia libero animi maiores. Occaecati consequatur quae est corrupti delectus consectetur magni. Facilis est et ut ex animi. Accusamus aut minima nostrum omnis nisi asperiores temporibus. Qui autem labore modi error earum aut. Rem iusto et qui assumenda. Repellendus deleniti quisquam expedita non voluptatibus repellendus.', '4500000', 1, 'help', '2023-07-04 22:26:04', '2023-07-04 22:26:04'),
(17, 'Indonesian teenager Schoolarship', 'Delectus molestiae impedit qui nobis soluta. Velit repellendus totam velit sapiente molestiae. Rerum nesciunt et similique unde provident natus. Architecto quibusdam debitis similique qui omnis officia. Dicta molestiae enim consequuntur est. Nobis maiores provident odio voluptas minima dolore ducimus. Autem qui dignissimos reprehenderit hic neque. Hic alias quo omnis in. Ut voluptatem ut libero eius tempore labore ea. Veniam eveniet mollitia cupiditate itaque est consequatur necessitatibus laudantium. Beatae libero voluptas necessitatibus pariatur sit facere. Ipsam sunt voluptas nobis qui et quis nisi. Error esse neque porro. Provident laudantium atque aut odio qui. Voluptas qui est illo sit. Accusamus sapiente saepe eius ut amet ex impedit. Dicta omnis consequatur autem. Perspiciatis a possimus saepe accusantium soluta. Dolor sit similique sapiente dolores blanditiis dolorum provident. Aut voluptatem in qui. Nisi veritatis dolores quis neque vitae officia. Consequatur eum consequatur nam quod. Eveniet quia eum dolores id. Velit quia veritatis repellat ut nostrum. Adipisci repudiandae fugiat ut voluptatem veritatis neque assumenda. Mollitia asperiores ipsum quae provident. In laborum illum ullam autem sunt adipisci eum. Delectus ipsam dolor ipsum quod in. Est quisquam voluptatem et. Et rerum et ducimus quidem. Mollitia cupiditate ea fugit assumenda. Quasi maxime est qui excepturi velit est molestiae eum. Aut aut quia quo est eaque. Omnis optio est accusamus sint vitae.', '6500000', 9, 'study', '2023-07-04 22:26:04', '2023-07-04 22:26:04'),
(18, 'Free Study for Child', 'Aut ea illo nisi. Dolores veniam laborum delectus error eos ipsa. Ipsum ut vitae fuga illum aut est. Omnis at recusandae voluptatum. Quia laborum sit officiis. Et at non minus doloribus enim repellendus quidem. Eius velit sed tenetur numquam laborum. Voluptatem ut tempora sit autem enim repellat. Nostrum eaque est neque et. Vel id sapiente vel laboriosam qui et. Officiis rerum sunt nulla vel vel fuga a. Maxime voluptatem cum exercitationem libero consequatur. Quia aut corporis aperiam quaerat. Est voluptatibus eveniet iure ad. Fuga praesentium et explicabo numquam qui praesentium quo. Omnis dolor ut consequatur provident. Est provident voluptas delectus. Itaque saepe exercitationem libero deserunt est harum voluptates quos. Cumque aliquam eos deserunt illo doloribus saepe corrupti. Eius laborum quis dolores ut ut. Fugit autem hic fuga occaecati odit. Quae incidunt corporis debitis adipisci autem. Sequi ut delectus nihil sunt et officiis. Et perspiciatis aut consequuntur id. Aspernatur rerum consequatur vel occaecati voluptas nobis quos. Aperiam autem ex modi dolorum ratione voluptatem. Et expedita voluptatem voluptatum. Sequi odit enim dolorem aliquam. Autem quo et voluptas necessitatibus. Et aut adipisci dolorem ab ad voluptatem aut quaerat. Consequatur dolor id eos delectus harum eligendi. Sint repellat maxime architecto magni. Cupiditate repellat assumenda dolorem maiores quisquam. Perferendis incidunt quis mollitia laborum. Laboriosam saepe illum voluptate incidunt. Ipsa dignissimos maxime adipisci. Sit vitae aspernatur magnam possimus accusantium et omnis. Necessitatibus ut voluptas quia odit. Rerum cumque in aut sunt rem at. Voluptates id molestiae quidem ratione incidunt et. Aut qui labore atque. Et magni nisi ea pariatur. Magni reiciendis iste et aliquam. Assumenda aut occaecati deleniti sed. Suscipit aut perferendis sint consequatur. Veniam excepturi qui earum magnam quia qui qui harum. Rerum consequatur veniam rerum quis eos fuga quis.', '9000000', 1, 'study', '2023-07-04 22:26:04', '2023-07-04 22:26:04'),
(19, 'Food for Africa', 'Et numquam sunt nam odio ut aut. Temporibus fugit necessitatibus laudantium nihil sequi mollitia autem. Dolor labore error et tenetur. Aut non rem autem sit illo. Saepe aut quisquam nulla facilis. Porro numquam saepe quia. Quaerat illum hic in necessitatibus ullam est delectus. Dolorem qui doloremque at laboriosam officiis id error dolorem. Occaecati dolores accusamus reiciendis harum quam. Voluptas sunt asperiores ratione est voluptatem placeat est. Ut possimus deleniti voluptatem dolorem tempora. Facilis ipsum laudantium reiciendis quidem quidem qui quo sed. Doloribus veniam cumque doloremque aspernatur ut. Non non commodi nobis laborum voluptas dolores id. Quo vitae ut unde deleniti reiciendis aut quae. Et vel nesciunt aspernatur dolorem voluptatibus velit. Pariatur ut placeat iste quis atque. Dolor animi ut neque hic odio error dolores quo. Laudantium non distinctio et. Laudantium nam quaerat debitis repellendus. Corrupti et dolores labore tempore veniam autem enim. Velit impedit est esse nam quisquam. Sapiente quaerat optio et ea. Sapiente a qui numquam ipsam corporis. Aut laborum inventore et dolores. Dolor et amet aliquam repudiandae aut. Molestiae quod velit aut illo qui at. Minima ad est placeat atque. Tenetur voluptatem porro eos blanditiis accusamus quis molestias. Dolor aut nostrum pariatur eos et voluptatum. Error odit possimus dolor ea. Omnis qui qui maiores autem quia. Occaecati dolor corrupti aut nemo porro. Sapiente non aperiam delectus aut velit voluptatem. Est quibusdam repellat praesentium modi qui eum sequi. Aliquam beatae laboriosam veritatis voluptatem sapiente. Et libero possimus sit temporibus reprehenderit tempore excepturi. Quod debitis ad vel et debitis. Molestiae blanditiis praesentium sequi et magni cupiditate omnis.', '2500000', 10, 'giving', '2023-07-04 22:26:04', '2023-07-04 22:26:04'),
(20, 'help landslide victims', 'Libero et porro sequi. Dolores et illo aut ad qui nihil dolorem. Quaerat consequuntur modi ratione dolorem doloribus et assumenda nobis. Dignissimos est dolores saepe placeat. Dolorum non iusto consequatur exercitationem dolorem facilis. Reprehenderit iste neque sed nesciunt ut voluptas asperiores. Expedita qui quod numquam mollitia inventore nobis placeat. Nam eveniet iusto error natus. Modi ipsa ratione earum fuga fuga eaque. Accusantium quidem nostrum placeat in sapiente dolore dolor. Accusantium esse provident sit ut aut blanditiis quia. Saepe ad et eaque modi ut. Omnis aut eum pariatur nihil. Debitis quod asperiores et quam qui. Id quidem doloremque doloribus neque. Sed quo velit nemo nulla facilis harum dolores. Itaque est cum aliquid non eos voluptatum mollitia. Porro est quasi magnam sunt et. Tenetur id voluptatibus dolorum quas mollitia. Ullam enim et sed aut et soluta. Soluta aut minima cumque deleniti. Nesciunt facere labore odit nihil. Aut sint occaecati et est inventore pariatur voluptas. Unde repudiandae sint voluptas accusantium enim. Tempora illo voluptas voluptates accusamus perferendis dolore et. Laudantium voluptas et sed accusantium odio commodi. Id dolorem rerum itaque omnis quidem eius ut. Non explicabo at ut aut impedit ad. Non consequatur sint et a qui modi voluptates asperiores. Molestiae aut sit sit at autem officiis. Eum natus voluptatem sunt ad. Iusto magnam doloremque neque earum veritatis. Quo porro praesentium maxime molestiae dicta et. Impedit vitae voluptatem fugiat distinctio. Culpa unde exercitationem quis et praesentium. Animi molestiae ut hic nostrum. Et blanditiis impedit fuga. Omnis fugiat qui sequi iste recusandae dolorum. Aut velit ipsum voluptas quo quaerat et. Ea consequatur veritatis est maiores. Illum assumenda amet voluptatem. Non consequatur quam illo tenetur culpa delectus et nobis. Soluta praesentium aliquid earum impedit error. In repudiandae vitae sunt inventore nulla. Eveniet consequatur pariatur maiores modi. Nisi laborum eos error et ipsum et. Voluptatem veniam aut officia. Facere explicabo et et quia optio. Aliquam mollitia ad vero doloribus quo ipsum sint. Temporibus harum voluptatibus rerum enim est. Ullam soluta quam qui dolorum dolorem dolores facilis. Quasi qui temporibus animi iusto omnis a. Totam cum quam non at fugit eum rerum. Ad suscipit soluta error quia sunt. Veniam et esse ea. Et eos soluta ipsum. Doloremque aut voluptas error quaerat sunt. Iusto ut recusandae accusamus nesciunt ut hic. Omnis doloribus eos rem aperiam.', '5000000', 3, 'help', '2023-07-04 22:26:04', '2023-07-04 22:26:04');

-- --------------------------------------------------------

--
-- Table structure for table `failed_jobs`
--

CREATE TABLE `failed_jobs` (
  `id` bigint(20) UNSIGNED NOT NULL,
  `uuid` varchar(191) COLLATE utf8mb4_unicode_ci NOT NULL,
  `connection` text COLLATE utf8mb4_unicode_ci NOT NULL,
  `queue` text COLLATE utf8mb4_unicode_ci NOT NULL,
  `payload` longtext COLLATE utf8mb4_unicode_ci NOT NULL,
  `exception` longtext COLLATE utf8mb4_unicode_ci NOT NULL,
  `failed_at` timestamp NOT NULL DEFAULT current_timestamp()
) ENGINE=InnoDB DEFAULT CHARSET=utf8mb4 COLLATE=utf8mb4_unicode_ci;

-- --------------------------------------------------------

--
-- Table structure for table `migrations`
--

CREATE TABLE `migrations` (
  `id` int(10) UNSIGNED NOT NULL,
  `migration` varchar(191) COLLATE utf8mb4_unicode_ci NOT NULL,
  `batch` int(11) NOT NULL
) ENGINE=InnoDB DEFAULT CHARSET=utf8mb4 COLLATE=utf8mb4_unicode_ci;

--
-- Dumping data for table `migrations`
--

INSERT INTO `migrations` (`id`, `migration`, `batch`) VALUES
(1, '2014_10_12_000000_create_users_table', 1),
(2, '2014_10_12_100000_create_password_resets_table', 1),
(3, '2019_08_19_000000_create_failed_jobs_table', 1),
(4, '2021_03_31_131518_create_campaigns_table', 1),
(5, '2023_07_02_155017_create_posts_table', 1);

-- --------------------------------------------------------

--
-- Table structure for table `password_resets`
--

CREATE TABLE `password_resets` (
  `email` varchar(191) COLLATE utf8mb4_unicode_ci NOT NULL,
  `token` varchar(191) COLLATE utf8mb4_unicode_ci NOT NULL,
  `created_at` timestamp NULL DEFAULT NULL
) ENGINE=InnoDB DEFAULT CHARSET=utf8mb4 COLLATE=utf8mb4_unicode_ci;

-- --------------------------------------------------------

--
-- Table structure for table `posts`
--

CREATE TABLE `posts` (
  `id` bigint(20) UNSIGNED NOT NULL,
  `user_id` bigint(20) UNSIGNED NOT NULL,
  `title` varchar(191) COLLATE utf8mb4_unicode_ci NOT NULL,
  `slug` varchar(191) COLLATE utf8mb4_unicode_ci NOT NULL,
  `category` varchar(191) COLLATE utf8mb4_unicode_ci NOT NULL,
  `excerpt` text COLLATE utf8mb4_unicode_ci NOT NULL,
  `body` text COLLATE utf8mb4_unicode_ci NOT NULL,
  `published_at` timestamp NULL DEFAULT NULL,
  `created_at` timestamp NULL DEFAULT NULL,
  `updated_at` timestamp NULL DEFAULT NULL
) ENGINE=InnoDB DEFAULT CHARSET=utf8mb4 COLLATE=utf8mb4_unicode_ci;

--
-- Dumping data for table `posts`
--

INSERT INTO `posts` (`id`, `user_id`, `title`, `slug`, `category`, `excerpt`, `body`, `published_at`, `created_at`, `updated_at`) VALUES
(1, 7, 'Save Palestine', 'save-palestine', 'Help', 'Fugit ea totam iusto dolores molestiae culpa. Inventore at id quae animi consequatur quia error. Impedit porro ipsa voluptatum. Ex officia illum error voluptas qui tenetur.', 'Nobis ducimus tenetur mollitia facere. Ut at corporis qui non. Qui velit modi minus. Sint ad quam earum molestias accusamus dolor rem atque. Voluptatibus eos laudantium fugit culpa quis ut deleniti soluta. Doloremque rerum voluptatem deleniti sunt. Aut voluptatem velit alias. Dolor quo et consequatur nesciunt repellendus dignissimos corrupti. Ut neque id repellendus. Voluptatem quaerat et et facere aut. Et earum consequatur dolore totam. Reiciendis voluptas pariatur et labore libero. Praesentium et aut illo eaque maxime. Odit sunt itaque nobis veniam voluptatem ut. Impedit porro unde aliquid accusantium qui. Ab vel tenetur ex. Dolorum ea non et aut dolorem eveniet ab. Omnis et magni accusamus commodi beatae iure. Omnis inventore quasi atque accusamus et consequatur sed. Et aperiam sequi itaque quia delectus omnis quod et. Nisi minima et consectetur voluptatem illo earum. Nobis fuga velit aperiam laborum fugit dolore. Ut voluptatibus quaerat debitis est neque. Pariatur nisi ad veniam et officia. Enim sunt deserunt nemo facilis qui quos nisi. Odit beatae eligendi ipsa ut laboriosam fuga. Nobis et sunt quia aut dolor quia. Architecto suscipit accusamus at molestiae nam possimus qui. Quaerat rerum numquam dolores ea reprehenderit soluta esse. Aut qui sequi esse nemo ut aperiam. Quam omnis et eius voluptatem ut. Earum error est est. Recusandae est est tempora veritatis sapiente repellendus molestiae explicabo. Expedita et voluptate vel itaque et quia. Qui illum dolorem velit voluptatem quis laudantium magni. Maxime tempore commodi exercitationem reprehenderit consequatur perferendis voluptatem eum. Sit omnis mollitia optio hic reprehenderit molestias necessitatibus. Recusandae quia culpa deserunt sunt alias. Provident corporis officiis voluptatem repellat quis voluptates. Ad dolorum laboriosam necessitatibus occaecati architecto cum. Perspiciatis tenetur molestiae voluptatibus sunt vero enim nulla. Rerum quidem magni voluptas rerum.', NULL, '2023-07-04 22:26:04', '2023-07-04 22:26:04'),
(2, 10, 'Free School', 'Free-School', 'Study', 'Veritatis quia consequatur tempore explicabo est cupiditate sapiente esse. Aspernatur qui dolorum aliquam quaerat aspernatur. Vel expedita sapiente reiciendis quia aliquid. Repellat voluptas fugiat ut vel. Omnis est consequatur quia. Nam quia beatae porro consequatur tempore.', 'Eius iste eveniet et illum aut rerum consequuntur impedit. Earum rem voluptates qui. Debitis et dolorem omnis eum. Cumque ipsum atque repudiandae in enim eos natus. Voluptatem culpa explicabo perspiciatis et qui. Aperiam corporis inventore tempora autem aliquid culpa at. Consectetur deleniti eos culpa quisquam minus. Sed magnam placeat velit eaque consectetur. Harum et ducimus qui adipisci eum aut aut. Non maiores architecto dolor dicta. Temporibus et voluptas doloribus fuga. Veritatis quis dolor quia iure voluptas earum consequatur non. Minus consequatur commodi incidunt. Deserunt quis est ipsam eos. Quia similique perferendis sit et. Eaque possimus inventore odio sint et velit. Quaerat quia dolore soluta quae ut eos recusandae. Quos quis temporibus soluta assumenda. Alias cumque doloremque totam quia ut. Molestiae maxime magnam accusantium. Velit dolore eos tenetur modi. Aut rem animi corrupti aut. Qui impedit deserunt molestias reprehenderit aut quae et. Error animi ut nostrum quis ad. Repudiandae et aut voluptates voluptatibus eum ut et. Est aut dolores dolor et deleniti distinctio quibusdam praesentium. Hic doloribus est aliquam accusantium minima ea. Dolores tenetur id animi non ut minima. Vitae voluptatem voluptate nihil. Corrupti autem ut sit. Totam modi iusto dolores earum culpa enim voluptatem omnis. Adipisci fugiat sit doloremque autem. In et et dolorem nesciunt quo qui quibusdam. Aut voluptatem illo adipisci ut. Voluptatum provident aspernatur quo voluptatibus numquam repellat. Sit quia pariatur saepe quaerat autem ut eos error. Vel recusandae et eum. Dolorem minima est qui et sit. Placeat laboriosam sit deleniti sed hic id perspiciatis. Et ut non et molestiae consequatur. Non eligendi molestiae omnis quia dolorem omnis. Dolore quas quas et doloribus fugit quasi. Sed quo laborum voluptates est voluptatem. Et maiores aperiam non veniam. In aut aut quia iure illo. Expedita esse sint voluptatem non blanditiis modi. Unde incidunt est sed. Non consequatur nisi quo ipsum neque sed culpa. Nihil ullam dolores unde non eius omnis. Incidunt maiores et ut totam repellendus quia. Voluptas est vel consequatur sit voluptatem et numquam dolor. Aut ullam ex quidem quia voluptatem.', NULL, '2023-07-04 22:26:04', '2023-07-04 22:26:04'),
(3, 7, 'Australian forest fires', 'australian-forest-fires', 'help', 'Ipsam aperiam a ea voluptate ut quibusdam. Illo aut est iusto rerum ex repellat earum. Porro assumenda repudiandae quo voluptatibus.', 'Nisi ea autem voluptate voluptatem iusto et ratione a. Laborum perspiciatis maxime corporis quis. Aliquam omnis et rerum praesentium. A nemo dicta porro id. Ea incidunt quia culpa fuga magni ut. Animi sunt et amet error laboriosam in dolorem corporis. Voluptatibus nulla architecto voluptas hic eos. Accusantium sit enim deleniti inventore a. Laudantium tempora id facere magnam repellat. Ab sunt sequi eos consectetur. Et voluptatibus quidem rerum voluptates sunt voluptas molestiae magni. Voluptatem fugit reiciendis vero et ad. Aut nisi architecto quas necessitatibus nam dolor. Velit veniam autem ducimus accusamus eos velit nesciunt. Incidunt quisquam dolorum maiores. Praesentium assumenda magni ut necessitatibus sit modi. Nemo doloremque non fugit eos necessitatibus rerum ipsa. Est totam reiciendis rem quia voluptas. Aut doloribus vel inventore aliquid non nam dolor. Dolorem omnis sint quia ipsum quis id. Dolorem eum neque magnam molestiae unde autem eum. Incidunt velit in cupiditate veritatis. Maiores officiis blanditiis et illo dolorem. Et assumenda aut placeat. Et nemo aliquam sint sunt. Cupiditate est quaerat ipsa quia vero. Blanditiis et id voluptatibus illum nam debitis aliquam reiciendis. Non vero sapiente quia consequatur velit minima sed. Quia in illum ad molestiae eveniet expedita. Voluptatem accusantium dolorum dolor saepe quia. Excepturi sed at ea sunt enim. Fugit ut adipisci vel asperiores nulla. Iste pariatur nobis tenetur quae quo suscipit. Consectetur modi quo quam quia. Facere molestiae at voluptatem corrupti. Ut eos exercitationem reiciendis eum. Et et necessitatibus et minus est atque. Quo beatae et aut perspiciatis. Cupiditate laborum aspernatur labore ea. Odio voluptatem consequuntur laborum pariatur. Tenetur aliquam facilis harum. Velit accusantium nisi mollitia id dolorum corporis. Doloribus voluptas quia atque. A quae unde rerum quam. Eos fugit reiciendis rem exercitationem provident officiis et. Voluptatem vero aut sunt repellat sequi.', NULL, '2023-07-04 22:26:04', '2023-07-04 22:26:04'),
(4, 5, 'Help Flood Victims', 'help-flood-victims', 'help', 'Molestiae harum et mollitia impedit nostrum error. Impedit voluptatem dolorem atque fuga ut. Dolores ut voluptas ut veniam voluptates et quas. Maiores sunt et corporis atque aliquid et. Laboriosam nostrum veniam at facere quo dolores. Repellendus unde exercitationem ducimus explicabo nulla esse numquam.', 'Excepturi aspernatur ea laboriosam vel. Voluptatem ducimus nostrum id suscipit nihil. Eaque aspernatur natus suscipit rerum provident doloribus. Necessitatibus rem non voluptatem rerum culpa nemo laboriosam ut. Culpa provident aliquam laudantium qui veritatis alias cum. Aut id maiores sunt consequatur voluptatem omnis aperiam reprehenderit. Quibusdam illo dolores exercitationem et. Reprehenderit ut eius dolores impedit consectetur quam. Cupiditate voluptatem quasi cupiditate velit laborum quia hic. Rem exercitationem quibusdam laboriosam nesciunt voluptatem voluptatem. Eum accusantium omnis occaecati ipsam velit neque possimus. Modi consequatur facilis consequatur atque nesciunt nobis enim. Est vel cupiditate aperiam reprehenderit. Quis dolorem minus nihil impedit qui adipisci. Aut aut eaque natus deleniti laudantium. Nihil rerum dolor in expedita. Est asperiores enim nihil quae provident. Est animi eius illo et fugit dicta. Occaecati cum ipsum quis dolorem deleniti et. Fugit eligendi expedita et rerum. Temporibus exercitationem enim ea sed quam. Vel assumenda eius officia accusantium facere labore nihil. Consequatur fugit non sit illo exercitationem tenetur. Consequatur omnis dignissimos repellat ipsam accusamus autem. Quidem dolore impedit impedit dolorum omnis. Necessitatibus harum quia veniam. Vitae quibusdam facilis possimus quis perspiciatis laudantium. Autem autem neque occaecati repudiandae ex ut. Tenetur quidem dignissimos aspernatur modi animi odio rem. Pariatur ullam deleniti labore sit perferendis. Neque voluptatem veritatis porro et. Neque praesentium delectus ea nemo. Fuga beatae qui reprehenderit quisquam doloremque voluptatem et. Sint qui eius eum earum sapiente omnis assumenda. A et magni atque porro. Vel aut corporis amet qui ut. Voluptatem vero at blanditiis voluptatem qui dolores fuga. Temporibus facilis voluptatem laudantium soluta sit officiis sit. Rem eaque reprehenderit quos quasi et esse. Quis saepe veritatis ut minus facilis voluptates. Sit ea ut autem. Aut sit ducimus ab ab nobis exercitationem. Ipsum eveniet incidunt temporibus commodi harum architecto corporis. Eos et corrupti et est officia quis. Iusto qui dolorem ut amet non vel occaecati. Qui numquam et aut delectus. Ratione et qui voluptas ut. Harum occaecati et qui qui vel. Distinctio quia alias voluptatem. Pariatur et voluptatem et distinctio cupiditate vitae. Vel ad est nesciunt architecto animi. Voluptates accusantium labore aut. Qui officiis quasi eveniet. Ut aut omnis consequatur. Est quia ut alias laboriosam dolore beatae. Laboriosam perspiciatis molestiae id soluta nemo accusantium. Et odio rerum quia ut perspiciatis quo et. Sit reiciendis velit ex numquam quis. Blanditiis unde fugiat sed similique ratione. Autem eaque aliquid pariatur. Quis quia assumenda dignissimos ex autem eos velit. Vel aut voluptatem accusamus omnis consequatur commodi. Quod cupiditate rerum illo sit. Repellendus quia est non qui sequi rem.', NULL, '2023-07-04 22:26:04', '2023-07-04 22:26:04'),
(5, 8, 'School for villager', 'school-for-villager', 'study', 'Animi aut mollitia reprehenderit. Voluptatem quis aliquid consequatur et. Ut dolorum sed dolores officia. Sit est non vitae.', 'Soluta consequuntur aliquam maxime sed. Ipsa eligendi minus eius nisi suscipit doloribus. Aliquam eveniet dolorem beatae nisi quos ut sed laudantium. Non velit ut voluptatem placeat labore blanditiis voluptas. Ut occaecati unde impedit saepe. Mollitia ex nesciunt molestias placeat ullam nobis. Aut fuga mollitia quia dolorem mollitia aliquam cupiditate. Et voluptas eum voluptatem quis quod quam. Unde in dicta totam in. Est sint aut recusandae accusantium magni et odit optio. Et veniam iure maxime quia pariatur officiis ullam. Fugit repellendus adipisci dolorem. Libero nulla ut est alias voluptatum et. Nesciunt suscipit eum laudantium nihil. Laborum perspiciatis non aut rem accusamus perspiciatis earum fugit. Ipsam sed ut voluptate molestias vitae tempore aut. Totam velit necessitatibus culpa est nihil impedit. Eveniet nesciunt neque laudantium veniam. Vel id et quas recusandae ea sunt eos. Harum deleniti aut itaque. Odit eaque vel qui rerum quibusdam. Quis praesentium rerum impedit voluptate iure. Dolores molestiae qui iste ut. Quibusdam autem maiores et. Fugiat vitae in et blanditiis molestias sed consequatur. Aut quia quo magnam id ut quia dolores quia. Dolorem saepe deserunt quos ut doloribus aut neque enim. Possimus reiciendis quisquam vel maiores. Beatae expedita inventore molestiae laudantium quia aut ducimus ipsum. Vel eum corporis aut. Error et necessitatibus natus minus reprehenderit ipsum et. Et distinctio dolore tempore optio dolorum. Laborum vero distinctio consequuntur laudantium. Sint corrupti quisquam harum magni non quibusdam. Ex nisi sapiente sit nisi ratione sit. Ut quia quam deserunt nesciunt iure autem voluptas cupiditate. Dolorum libero iste ex minima. Rerum explicabo deserunt repellat iusto. Veritatis ut quia nesciunt et nam et. Molestiae sint et commodi aperiam eum.', NULL, '2023-07-04 22:26:04', '2023-07-04 22:26:04'),
(6, 5, 'zakat together', 'zakat-together', 'giving', 'Possimus tempora tempora vel aspernatur aut provident. Corporis aspernatur fugit debitis et velit quia. Amet consequatur explicabo ex non. Est enim accusamus commodi rem accusamus perferendis. Culpa illum voluptate nemo totam eius excepturi dolorum.', 'Perspiciatis vel consequatur aut tempora non. Qui deleniti perferendis libero aperiam. Ut sit est pariatur. Quisquam dignissimos ipsa numquam animi sit rerum. Rerum dolores sed soluta molestiae beatae. Reiciendis cumque ea voluptas eum placeat ut quia. Incidunt laudantium perspiciatis expedita. Quia vel sunt tempora et. Atque voluptas illum fugit expedita rerum et ut cupiditate. Distinctio quia autem vitae qui sint iure. Fugiat laudantium ut aut nam perspiciatis porro. Excepturi quo sed laudantium vel quidem sed sunt. Quas est et enim aut beatae commodi sequi. Officia magni quisquam sed dolore repellat assumenda debitis itaque. Et aut eos facere. Ipsa hic ipsam provident quidem. Quaerat mollitia et possimus itaque tempora. Non ab voluptas amet sunt deleniti quo nobis ipsam. Aut repudiandae dolores qui voluptas voluptates quibusdam ut qui. Quos eius voluptatem quas aut quod dignissimos occaecati assumenda. Laborum omnis eaque dignissimos minima mollitia. Quas nemo voluptate in esse quisquam tempore. Ipsum eum ea quia accusamus excepturi veniam ex. Dolorum voluptatibus nulla est cum id animi. Sunt et dignissimos non culpa culpa exercitationem omnis. Aspernatur enim vel et. Cupiditate modi voluptas doloribus. Labore placeat debitis dolores qui. Delectus aliquid optio totam earum amet eius. Delectus earum est ut rem sit aliquid.', NULL, '2023-07-04 22:26:04', '2023-07-04 22:26:04'),
(7, 4, 'Food for Africa', 'food-for-africa', 'giving', 'Cumque adipisci sequi neque excepturi ea sint deleniti animi. Non unde velit et. Recusandae corrupti maiores est consectetur. Deleniti enim officia vero minus cumque.', 'Perspiciatis aut mollitia dignissimos suscipit quis dolorem. Qui perspiciatis nemo voluptas fugiat impedit qui. Ea vitae ad sunt aperiam. Architecto sit iste est repellendus ea. Deleniti velit tempore tenetur laudantium a. Pariatur explicabo delectus rerum animi et est eaque. Nemo totam iusto ut modi. Eius reprehenderit dolorem quae quasi vel sequi et. Earum et eos quo soluta eius. Soluta fugiat quia perferendis culpa. Beatae sit eaque quia facere. Iste ratione repudiandae doloremque temporibus. Aut eos unde ut neque harum. Recusandae quis minima consequuntur doloribus voluptates in libero qui. Facere nulla est consequatur doloremque fugiat et ipsam dolores. Odio quod ut perferendis blanditiis deserunt adipisci. Porro sit atque reiciendis in. Labore sit reiciendis vel explicabo. Et hic quia eum quo ut. Voluptates expedita et laboriosam praesentium. Aperiam aut dolor velit fuga. Quis quia ducimus sapiente reprehenderit recusandae tempora quo. Incidunt reiciendis aperiam rerum qui laborum blanditiis vero ipsam. Atque odio distinctio sit consequatur. Perspiciatis delectus doloremque explicabo. Sequi qui et rerum voluptate asperiores. Est ad suscipit officiis sapiente dolor accusantium. Architecto molestias doloribus sed expedita aut. Sint voluptas et ut corrupti corrupti aperiam quam. At molestiae esse debitis. Rerum ut earum rerum quibusdam et. Nihil voluptate est ea cupiditate distinctio. Eius ut repudiandae sapiente facere voluptate. Quod qui quia ut expedita suscipit. Officiis omnis id assumenda ea corporis dolorum temporibus. Eaque ipsam aliquid non optio. Ea et quae velit adipisci consequatur. Voluptatem accusantium aliquid consequuntur asperiores ut perspiciatis et. Omnis nostrum unde quisquam voluptatem. Qui alias vitae neque. Et ut quis ea sit. Tempore dolores quo cupiditate dolorem magnam voluptas. Consequatur qui temporibus dolorem enim consequatur atque nihil. Voluptatem sed vitae iste modi. Repellat explicabo mollitia impedit voluptate provident. Esse aut dicta quam expedita. Aut neque aut voluptatem ipsum unde totam non. Modi vitae cum iste esse est. Sequi ullam nihil beatae. Numquam quas pariatur accusamus nihil veritatis earum. Et odit omnis dolorem quidem explicabo laborum. Odio sequi repellat rerum architecto est et. Quia dolore ducimus placeat sed cumque nesciunt. Non inventore animi nihil aut voluptatibus.', NULL, '2023-07-04 22:26:04', '2023-07-04 22:26:04'),
(8, 8, 'Indonesian teenager Schoolarship', 'indonesian-teenager-schoolarship', 'study', 'Quaerat et qui vero eius odit vel. Repudiandae porro recusandae minus vel eligendi. Dolores voluptas explicabo voluptatem eligendi delectus qui.', 'Quia consectetur voluptas dolorem qui ut nesciunt distinctio. Dolorum ipsa est ea unde asperiores. Est quis non consequatur fugiat eaque accusamus quaerat. Sint commodi ipsa rerum facere alias. Recusandae ipsum quia natus illum. Exercitationem est iste doloribus voluptatum. Qui accusantium perferendis neque qui quis explicabo repellat. Rerum tempore voluptas porro aut non aliquid porro eaque. Doloremque rem eveniet accusamus saepe necessitatibus. At in ex dolores quaerat officia. Sit odit consequatur harum facilis et quia. Repudiandae quibusdam distinctio aliquid a. Cum id non perferendis vitae enim. Voluptas eaque aut sed maiores quia a. Quia dolorum occaecati et rerum. Aspernatur eveniet tempore consequuntur aliquam minus. Quo quis ad ex expedita tempore odit animi illum. Non aut distinctio quidem. Laboriosam odit maiores rerum inventore vel vitae. Nisi accusantium id et dolorum commodi porro qui. Omnis vitae vel saepe dolorem aut voluptates. Voluptatem ullam accusamus culpa iste occaecati rerum voluptatem. Dolor vitae ut fugit iusto qui aut veritatis voluptas. Ad ut animi quo architecto nam. Autem sint assumenda amet architecto sunt debitis maxime. Velit cum aut adipisci maxime aliquam laudantium. Magnam sunt et nesciunt voluptatem dolores sequi optio. Provident necessitatibus ut iure eos recusandae dolor. Est quaerat quo et consequatur velit beatae rerum. Iste aliquam velit eligendi ut. Minima quis aperiam consequatur ea eligendi. Modi hic voluptas neque earum vel dicta praesentium.', NULL, '2023-07-04 22:26:04', '2023-07-04 22:26:04'),
(9, 6, 'Help Mental Health', 'help-mental-health', 'help', 'Ea voluptatem qui dignissimos nobis quia quo earum. Eum recusandae quia sapiente est. Soluta natus corrupti corrupti numquam pariatur odio modi.', 'Explicabo fugiat quas harum. Quia dolor dolorem temporibus facilis officia odit porro vel. Veritatis aperiam alias vel fugit consequatur eos. Id labore et ut enim. Harum earum asperiores veniam et qui. Dolore soluta commodi commodi eum eum consequuntur. Natus minus enim aut rem. Laboriosam tenetur tenetur esse. Et saepe ut aliquid et rerum voluptatibus. Voluptatum autem ab sunt impedit amet. Ut deleniti sed cupiditate eos. Enim rerum dolore rerum cumque sapiente perferendis nam nobis. Voluptas et pariatur ut doloremque doloribus. Ab aut quam ea harum vel officiis quia dolor. Placeat et porro et dolore exercitationem. Ipsam veniam exercitationem nihil molestiae delectus quasi. Tempora ex omnis aperiam sint voluptate eius. Incidunt saepe non voluptatem voluptatem deserunt ut. Quod explicabo harum iure mollitia iusto rem. Et iste sed vitae officiis. Est sapiente maiores maxime iusto ad fuga mollitia soluta. Natus et quia corrupti praesentium molestiae non. Et sint unde consequuntur. Possimus aut enim quis. Id voluptatem et harum repellendus. Eos illo delectus ad et. Voluptate dicta magni corrupti. Soluta saepe voluptatum enim ex omnis qui.', NULL, '2023-07-04 22:26:04', '2023-07-04 22:26:04'),
(10, 2, 'Velit delectus.', 'ipsum-aliquid-sunt-deleniti', 'Non a expedita quae.', 'Quidem laboriosam est quam cum fugiat eum. Facere harum quas laudantium quia. Aperiam repellendus repudiandae et vitae. Saepe sed vitae voluptate in itaque sint dolore.', 'Qui aliquid alias tempore fuga labore ducimus cum sit. Voluptas aut magni cumque placeat et. Nostrum vel neque quod consequatur. Repellendus quo facere sint earum ut et. Aut aut laudantium eum quia voluptas fugiat ex fugit. Qui doloremque aliquam atque neque repellendus fugiat. Error quo alias ullam ea reprehenderit natus rerum. Culpa voluptatem debitis doloremque est. Et itaque aspernatur temporibus officia aut id consequuntur. Esse nobis eligendi voluptatem quaerat facere aspernatur aut sed. Amet rerum qui vel ipsam exercitationem consequuntur veritatis. Quis soluta eos sed error. Qui omnis nam est soluta ad quaerat qui. Omnis recusandae maiores et est tenetur. Sequi aliquid et perferendis similique provident saepe sunt perferendis. Dolorem facilis deserunt quos eius. Ipsam inventore tenetur inventore animi quibusdam veniam qui. Ut quia dicta expedita quia corrupti tenetur aut quia. Alias et hic qui a. Tempora ullam rem et temporibus repudiandae quod soluta. Ducimus quis reiciendis ea illum consequatur ipsum. Soluta omnis assumenda ducimus voluptas consequatur distinctio. Soluta soluta omnis maxime iure rerum expedita debitis. Occaecati dolorem culpa sit voluptate est. Et similique ex ipsum fugiat quae a reprehenderit. Nisi id delectus impedit qui cumque accusantium autem. Et ab accusantium optio quidem aut quisquam et. Eum laborum voluptatem voluptatem autem consectetur et. Beatae iure modi sequi eligendi. Adipisci ipsa quidem voluptas temporibus. Sit enim qui incidunt voluptate quia vitae aut itaque. Eveniet aut natus vitae dolorem.', NULL, '2023-07-04 22:26:04', '2023-07-04 22:26:04'),
(11, 8, 'Velit quisquam eveniet et est.', 'dolor-consequatur-autem-nisi', 'Incidunt ipsum similique.', 'Omnis tempore rem nisi enim culpa expedita est. Saepe ut ex neque ea assumenda. Dicta consequuntur molestiae voluptas est maiores vel. Iusto cupiditate doloribus nesciunt totam voluptatem delectus ut. Repudiandae illo ut impedit placeat.', 'Consequatur voluptate totam quibusdam sed eos rem. Hic quis eligendi esse quos qui voluptatem aut. Soluta consequatur occaecati natus animi repellendus. Quo quas qui perferendis. Voluptatibus reprehenderit non adipisci et porro quia. Dolore sunt omnis voluptates fuga consequatur vero excepturi. Dicta asperiores rerum non voluptatum quisquam nihil natus. Sit aliquid non aut enim quibusdam. Non atque qui et dicta sint occaecati. Provident distinctio quia in perferendis accusamus quasi iusto animi. Placeat sed rerum voluptatibus recusandae sunt consequatur. Praesentium tempore maxime omnis aut laudantium. Numquam laborum dolores dolorem voluptatem dolorem. Sit unde in qui qui odit sit. Commodi ut aspernatur consequatur eos esse. Commodi impedit maxime veniam et dolorum. Rerum et at mollitia quis. Est illo dolor et nulla. Nostrum excepturi itaque occaecati labore reiciendis voluptatem explicabo ut. Quia molestiae quibusdam similique est rem sapiente. Repudiandae est soluta consequatur iusto pariatur. Rerum odio expedita perspiciatis molestiae alias nobis. Vero quisquam mollitia et nostrum. Quis perspiciatis doloribus alias. Reprehenderit vero eaque magnam doloremque. Blanditiis tempore asperiores quos adipisci. Blanditiis autem aut nisi modi. Error nobis ea dolor. Et in quia laboriosam nihil eaque culpa sit molestias. Iste qui molestiae quisquam. Eos nihil accusamus nobis amet autem odio iste. Reprehenderit nulla nihil aut aliquam non voluptatum ipsa. Officia sunt sed ratione et. Eligendi et possimus et est. Beatae excepturi quasi accusantium velit. Et aperiam architecto provident et. In illum ullam pariatur harum ea rem sunt natus. Beatae atque ut deleniti aut ab et. Porro et ut nostrum. Velit sunt velit blanditiis quibusdam. Et temporibus maiores qui libero quae facilis eligendi. Omnis et iste qui similique eos fugit. Facere eligendi veritatis qui occaecati perferendis dignissimos voluptatem eius. Repudiandae amet temporibus alias possimus quidem ipsum. Et repudiandae qui quasi ab fugiat nihil. Deserunt sunt laudantium consequatur sapiente architecto. Laboriosam dignissimos tempora quam tempora et in. Nobis non eaque est. Id aut quas est dolores quas minus aperiam. Molestias dolor occaecati veniam blanditiis tenetur corporis. Numquam veritatis ex nemo et placeat vitae hic. Consectetur quod distinctio placeat quae deserunt omnis.', NULL, '2023-07-04 22:26:04', '2023-07-04 22:26:04'),
(12, 3, 'Impedit repellendus cum maiores.', 'eos-inventore-voluptas-voluptatem', 'Aperiam distinctio ut.', 'Et ut qui temporibus beatae nemo dolorem. Tempora vel nesciunt ut voluptas qui fugit consequatur quaerat. Deleniti quo maiores possimus et velit expedita. Occaecati totam ea iste. Corporis facere quod reiciendis.', 'Repudiandae modi sit error ipsa rerum perferendis. Mollitia et illo vel quis. Molestias aut quis delectus vitae omnis ut. Accusamus odit officiis non voluptatem mollitia deserunt. Explicabo dolor est earum reiciendis sapiente minus architecto. Aliquam sit est sit laudantium sit. Accusantium voluptate reiciendis voluptatem qui dolores. Suscipit autem rerum corrupti quaerat. Sed ut ut et explicabo qui illo officiis. Velit tempora ut et ducimus. Suscipit repellendus minus maxime modi molestiae voluptatem. Dolorem culpa assumenda accusantium. Laborum at qui amet quia culpa iste unde qui. Corporis distinctio excepturi non illum dolores qui laudantium praesentium. Recusandae et tempore suscipit aut qui quisquam. Exercitationem sed nesciunt est veritatis voluptate tenetur qui. Sequi iusto rerum nihil voluptas quis praesentium. Cum minus laudantium itaque ducimus. Debitis doloremque consectetur enim aut eos. Esse explicabo suscipit eligendi ipsum pariatur rerum exercitationem. Nisi architecto et et. Quia magnam eaque ut maiores sint culpa voluptas aspernatur. Enim modi at esse architecto. Consequuntur qui consequatur aliquam aliquam magnam recusandae. Autem fugit nostrum ab ratione nostrum dolores veniam. Mollitia sed libero dolor sit mollitia eum. Occaecati aliquam ratione sed doloremque illo. Qui velit dolores rerum rerum aperiam quia. Temporibus ea incidunt vitae aut voluptate voluptas ut. Blanditiis illum perferendis non eum iusto occaecati quod. Aspernatur totam ut voluptatum sit sunt. Qui vel consequatur corporis aliquid ratione laudantium harum. Aliquam dicta voluptas perspiciatis rem sunt nisi. Asperiores ipsam est qui atque.', NULL, '2023-07-04 22:26:04', '2023-07-04 22:26:04'),
(13, 8, 'Sed voluptatum rerum.', 'vero-molestiae-et', 'Voluptatum quae.', 'Vel accusamus fuga itaque molestiae qui sit id. Distinctio quisquam et est quod repudiandae. Earum in quas ut. Esse optio facilis dolore atque.', 'Maiores vitae et quo velit error. Et voluptates neque sed nobis saepe. Qui repudiandae accusantium harum corporis quas id reprehenderit. Sunt cupiditate quia ut molestiae qui. Laborum voluptas deserunt autem dolor quam similique sit magni. Et dolores iusto accusamus alias quas similique. In quia doloribus temporibus veniam in nihil. Odio dicta necessitatibus expedita quia reiciendis eum. Fugit consequuntur culpa ex ut sit. Atque hic dolorem qui et harum. Quae quidem modi minus libero. Suscipit ipsa non voluptatem cum quos rerum asperiores sit. In voluptas quis accusamus ut. Dolorum vel repellendus aliquam. Qui illum id est iure explicabo in cum. Quaerat ducimus sint est omnis amet cumque quia. Harum est sed provident. Aut nam ea magnam mollitia. Temporibus et voluptas non porro. Tempore molestias maxime qui nesciunt ut accusamus. Molestias nihil doloremque autem numquam. Perferendis voluptatem velit et quisquam sit et quis mollitia. Aut perspiciatis reprehenderit eligendi ullam praesentium. Impedit quaerat eaque molestiae ullam ullam. Quos omnis est accusamus veritatis veritatis qui non. Ut possimus aliquam eaque quisquam explicabo. Omnis sunt rerum perferendis molestias ut ea voluptatem. Optio dolorem est sequi dolores a. Assumenda pariatur et dolorum exercitationem. Ratione quo molestias amet. Ut sit saepe occaecati asperiores tempore. Libero libero non dignissimos ut eos dolore inventore. Dignissimos aut quidem porro alias. Natus voluptates non voluptate qui odio doloribus. Repudiandae quisquam earum tempora ut enim ut. Fuga et impedit eos veritatis in sed delectus aperiam. Voluptate ipsum provident tenetur culpa libero autem. Delectus accusantium tenetur officiis atque commodi corporis. Voluptatem officia ipsa molestiae beatae dicta. Odio voluptatum et esse earum ut dolor. Rem neque minus eum deleniti vero eveniet pariatur consequatur. Quam iure doloribus numquam magni asperiores excepturi. Id tenetur unde vel rerum tempore autem. Inventore facere quia esse hic debitis ut.', NULL, '2023-07-04 22:26:04', '2023-07-04 22:26:04'),
(14, 8, 'Similique neque.', 'ratione-veniam-veritatis', 'Dolore excepturi dolores.', 'Non quaerat voluptatem dolore explicabo quia veniam voluptate. Et ut ut sequi molestiae numquam qui. Ea qui dolor voluptate fuga vero.', 'Aut assumenda debitis provident dolorem rerum pariatur in. Quas doloremque maxime at voluptas. Consequatur error nihil rerum ullam sunt ut officia. Rerum dignissimos sint qui. Illo fuga consequatur tempore quis dolorum maiores vel. Illum qui molestias error. Ipsa enim cum nemo itaque atque rerum voluptas soluta. Est minus qui et ut. Perferendis dolor nulla dignissimos maxime. Nesciunt nesciunt beatae aspernatur quas. Voluptate autem nostrum doloribus nobis magnam rerum. Et sit similique quod cumque tempora qui cupiditate. Qui repudiandae rem similique eligendi dolore aut et. Et distinctio est sed ea adipisci dolore. Tempore rem aut ratione eligendi. Laborum deserunt velit officiis modi vitae. Aut non dolores quae quo omnis. Pariatur modi et eligendi aut esse facere dolore expedita. Est exercitationem repellat distinctio ipsum. Ducimus asperiores fugiat libero optio voluptas fugiat voluptatem possimus. Voluptatem harum nisi fuga cumque alias a dolore. Eius vel perferendis dolores numquam. Ipsum eum dolor natus debitis tempora modi. Et occaecati sapiente dolorem esse ut quia libero. Magni porro aperiam rem illum consequatur. Corporis qui amet tempore modi at commodi. Optio culpa ex corporis et eveniet sint. Ut est laboriosam ea accusamus cumque iste. Non officiis deserunt sed est. Porro necessitatibus eum ut est quaerat. Voluptas rerum consequuntur libero est quae dolorem voluptatibus vitae. Quasi dolorem quia nostrum est aut. Provident quia autem aspernatur sapiente excepturi qui totam. Nihil aspernatur nihil ipsum assumenda.', NULL, '2023-07-04 22:26:04', '2023-07-04 22:26:04'),
(15, 4, 'Praesentium minima dolorum.', 'non-et-ipsam', 'Nihil a.', 'Culpa ducimus aut aspernatur ipsam commodi. Sint similique inventore distinctio. Similique aut facere quod molestias aliquid sed quam. Modi ut officia cum tempora.', 'Laborum et non et earum quasi. Quaerat velit quia et qui labore. Ea adipisci accusamus quidem unde officia sed repellendus porro. Debitis saepe quas quod maxime. Maxime molestiae at error pariatur cumque odio eum sit. Illo ea enim recusandae dolorem sed ex omnis. Voluptates dolores vel et. Et officia sed in voluptatem voluptas voluptatum. Sit asperiores distinctio optio rerum. Quaerat quo cumque error ab. Aut et eos et recusandae omnis harum. Ipsum illo modi numquam. Explicabo nihil minima voluptatibus quia quam tempore. Nemo ut sed culpa atque et ea ea. Sunt autem porro quam optio consequatur. Placeat et sunt consequatur dignissimos. Exercitationem autem voluptatem doloribus. Velit facilis quia debitis consequatur ipsa fugit. Quam et sint laudantium et quam distinctio itaque nihil. Earum distinctio nihil totam consectetur. Nesciunt nemo facilis animi ut iusto est. Exercitationem totam atque voluptates ea quis est nihil. Recusandae laborum minima omnis ut dolorem rem ut aut. Neque harum dolores velit et dicta. Sint saepe officia quod eos. Est eos magnam sit pariatur et qui voluptatem rerum. Hic rem explicabo dicta nulla a. Blanditiis est est quaerat nisi. At optio accusamus adipisci officiis ipsa ipsam aut. Earum aut necessitatibus veniam quo. Voluptatum molestiae consequatur id consectetur nihil voluptas. Reiciendis eaque molestiae ab in officia adipisci porro commodi. Quaerat deleniti sit soluta. Nobis perspiciatis et odio iure quod aut distinctio ut. Voluptas voluptate odit cupiditate molestias et nulla ducimus. Dolores iste asperiores corporis qui. Deserunt iste sapiente facere qui doloremque sapiente aut deserunt. Sed sed sit voluptatum quos ut tempora. Similique itaque inventore debitis omnis. Harum sapiente eos perferendis aliquid quisquam qui ratione. Quod tempore quasi et rerum ut occaecati quis labore. Iure eum et soluta sit voluptas deleniti perferendis rerum.', NULL, '2023-07-04 22:26:04', '2023-07-04 22:26:04'),
(16, 2, 'Accusamus aliquid iste.', 'consequatur-aut-minus-quam', 'Dolor adipisci aut.', 'Inventore dolorum placeat possimus earum et ut magni numquam. Excepturi consequatur consequatur itaque. Et est fuga cupiditate inventore. Beatae sint est maiores voluptatem nostrum velit cum.', 'Hic sed exercitationem totam eius quos. Eaque et sunt totam aut qui in. Enim laboriosam possimus omnis velit tenetur qui facilis. Alias explicabo minima et magni. Tempore aut consequatur ea rem perferendis architecto veniam. Ex voluptate ullam id rerum. Provident quae aut iusto quibusdam nulla fugiat qui. Pariatur et dolorem unde quo. Vitae aut atque nihil ipsa. Dolorem rerum ipsa eum sit in maxime. Consequuntur perferendis quo est quis ipsa voluptatem odio. Enim fuga consequatur molestiae. Autem minima reiciendis est ut nulla labore. Tenetur ullam id aut. Facere est inventore perferendis fugit autem aut. Molestiae rerum sit pariatur velit porro iusto dolorum. Quo dolorem qui occaecati amet consequuntur. Molestiae ratione dolorem qui. Cupiditate temporibus aut temporibus sunt et et veritatis. Velit exercitationem voluptatem quas omnis accusantium accusamus. Et maiores voluptates sed ipsum rerum corporis. Neque neque perspiciatis laboriosam amet et molestiae laudantium. Rerum quo ut adipisci est fugit voluptatibus. Cum dolores quas est. Rem repudiandae sed maxime ut eaque rerum beatae ut. Consectetur eaque doloribus tenetur nam tempora esse. Mollitia quas quis sit aut esse nemo fugiat qui. Eveniet iste nesciunt fugiat minus. Eum maxime quis molestiae illo. Asperiores voluptatem quae voluptatibus aut sit voluptas molestiae. Iusto sed quia ducimus. Nemo repellat aut pariatur modi et. Voluptatem debitis unde repudiandae vitae laboriosam quis debitis. Dolore sunt quibusdam rem dolores consequuntur. Sunt culpa iusto sed consequatur quasi omnis odio est. Praesentium officiis eos illum et. Cupiditate qui blanditiis corrupti aperiam voluptatem voluptatem. Sequi cum dolores suscipit maiores aliquam quia cumque. Nemo quidem laborum nisi eos nostrum. Alias commodi sit soluta autem.', NULL, '2023-07-04 22:26:04', '2023-07-04 22:26:04'),
(17, 10, 'Ut quis veniam.', 'et-officiis-aut-architecto', 'Sed enim non.', 'Sunt commodi enim qui mollitia accusamus dolor. Sed soluta aut cum et amet officiis. Vitae quia et qui beatae et. Ratione ipsa molestiae itaque ullam eius aliquam voluptatem.', 'In assumenda omnis qui laborum dolores. Voluptatem velit exercitationem et consequatur est saepe. Ea aut accusamus eos quod animi non. Odit et nam est rerum distinctio. Dolor quo sit et doloremque. Consequuntur odio necessitatibus tempore est consequuntur sint. Harum omnis pariatur est consectetur qui. Blanditiis enim sed animi accusantium expedita voluptas accusantium. Aut vel numquam vel voluptatum. Dolore nihil omnis sit aut qui qui. Non possimus assumenda velit maiores dicta. Consequatur temporibus dolorum possimus mollitia voluptas. Maxime fuga velit sapiente aut doloribus nulla. Est nihil qui ut. Voluptatem ducimus dignissimos aut qui quia. Culpa reprehenderit aut eveniet dolor enim perferendis sed quos. Temporibus sapiente sed harum et. Ea sint necessitatibus sed doloremque qui tempora. Placeat deleniti voluptates eaque. Minus et nesciunt voluptate. Adipisci consectetur perspiciatis hic aut eius dolores voluptatum. Atque ipsam est enim eaque voluptates sed animi sit. In culpa eum dolorum laborum quia. Nemo impedit deleniti sunt dolorem ipsa consequatur. Enim et aperiam perspiciatis placeat. Quo repellat ratione et voluptate ut. Eaque minus dolores necessitatibus eaque voluptate omnis sed ea. Ad fugiat doloribus dicta deleniti dolorum. Maxime et doloremque iure adipisci possimus repellat optio. Vel delectus architecto aut suscipit earum fuga et. Beatae vel aut dolor reiciendis velit. Repellat sit alias unde consequatur molestias impedit provident quo. Quos eum officiis iste aliquam pariatur. Adipisci earum pariatur saepe ab pariatur sit. Dignissimos culpa sunt assumenda quos. Velit nostrum libero iste doloremque tempora consequatur blanditiis. Quis quibusdam sed quod officia. Architecto voluptatem ut aut velit omnis esse odio. Doloremque sequi est ratione tempora id. Molestiae et tempore voluptates temporibus. Est vel dolores repellat. Autem est fugit qui. Sunt officiis dolores ut quaerat inventore ut vel quis. Temporibus et veritatis officiis est earum et enim. Dolor dolor fuga et. Porro voluptatem incidunt aut exercitationem quia. Sunt dignissimos minima placeat facilis commodi et quas et.', NULL, '2023-07-04 22:26:04', '2023-07-04 22:26:04'),
(18, 7, 'Corporis atque commodi.', 'vero-neque-tempore', 'Optio occaecati nobis.', 'Impedit totam ea maiores possimus labore qui quasi. Animi eveniet exercitationem quo voluptas. Cum fugit in corporis sint. Eos incidunt labore commodi. Accusamus quia animi voluptate porro maiores facilis animi.', 'Omnis ratione quasi blanditiis quae eveniet nisi. Maiores quae voluptate ut aspernatur. Adipisci in optio perspiciatis magnam molestiae qui ipsum. Ullam nesciunt voluptates dignissimos rem. Et modi maxime et. Nam eum expedita eos in occaecati consectetur. Corporis omnis perferendis ab sed non dolor autem. Voluptate voluptas consequatur qui. Consequuntur est voluptatem illo blanditiis eius ad provident quibusdam. Quis voluptas quas voluptas et iure possimus vel. Recusandae dolorum excepturi illo perspiciatis aut dignissimos. Qui ipsam dolore voluptatem omnis error. Impedit omnis qui quod qui. Consequatur iste deleniti totam qui voluptates recusandae. Magnam sint ratione facere illo quo culpa eius rerum. Et ab fugiat et adipisci. Ducimus expedita illum et minus. Optio beatae sunt reiciendis vel repellat omnis. Magni occaecati laboriosam quia. Consequatur ullam rerum nisi doloremque aliquid dolores quo. Tempora sit velit repellendus iusto voluptas velit. Amet expedita adipisci facilis est magnam at consequatur quia. Voluptatum ratione a et. Explicabo est eos mollitia consequatur laudantium voluptatibus. Maxime ut nulla repudiandae autem nisi natus. Dolorem quo est possimus accusamus. Delectus eos non dolorem vero. Fugit quidem porro dignissimos eos. Rem incidunt distinctio non voluptas id nulla. Non ab non non eos sint. Blanditiis quae eveniet atque modi enim architecto adipisci. Nostrum et quis natus eveniet deleniti rerum optio. Qui accusantium dicta ut tenetur. Iste possimus vitae laboriosam quibusdam. Quis est est alias ut. Nemo aut amet sunt dolore nulla. Aperiam deleniti omnis laudantium est ad quia. Inventore aut qui labore. Qui nihil sint praesentium rem sunt vitae eveniet. Sit mollitia voluptatem similique in qui labore et fugiat. Qui qui in eum molestias incidunt. Veritatis laboriosam a occaecati. Distinctio non pariatur ipsum quas doloribus omnis quia reprehenderit. Sequi magnam veritatis voluptatibus qui et corrupti sed. Omnis quo sunt qui et minima. Molestias optio ab nostrum est laudantium. Ab quae neque error aut eligendi ut dolorum est. Error deleniti aut quod qui et ab libero possimus. Occaecati consectetur non officiis non. Vel et ipsa harum debitis sed magnam. Neque qui pariatur odio aut voluptas. Delectus quo cumque porro tempora voluptates aut corrupti. Eos illum et et consequuntur natus suscipit laborum. Officiis quia optio illum eius odio necessitatibus id. Est ipsa delectus aperiam maiores velit nobis sed. Et inventore eveniet quia labore ea voluptatem quia. Ad dolorem autem explicabo impedit omnis est et. Necessitatibus ea molestiae impedit rem illo repellat ipsa. Dolor magni impedit vitae sit debitis sit. Aspernatur et eius minus neque voluptas velit. Qui placeat sit sequi odio. Et aut et rem ab dolore. Harum inventore sunt enim tempore. Sit inventore fugiat rem. Sed sint ipsam officia qui perspiciatis id est rerum.', NULL, '2023-07-04 22:26:04', '2023-07-04 22:26:04'),
(19, 10, 'Eius quia.', 'error-rerum-consequuntur', 'Sit dolores.', 'Est nam distinctio eveniet est. Eos ut accusamus delectus atque. Ullam dolor magnam totam.', 'Nulla aut veniam occaecati molestiae minima nihil et. Vel veritatis aut quas voluptas ut dolores. Qui provident temporibus nesciunt deserunt. Sed ut adipisci non eius. Quis quaerat est exercitationem cupiditate fugiat. Qui incidunt et sunt labore rerum consequatur consequatur. Sed dolor tempora cum beatae voluptates. Dignissimos ipsum ex laudantium voluptates error nam. Et ipsam et est voluptatum suscipit. Totam quia veniam debitis rerum voluptatem vel. Eligendi atque incidunt quia tenetur delectus quibusdam. Quas eos facilis tenetur nobis. Officiis officia odio quas qui. Et quia provident debitis. Et incidunt reiciendis error reiciendis nihil. Nisi tempora praesentium eaque ut deleniti asperiores. Non minus nisi ut ut omnis nemo aliquam animi. Possimus corrupti non aspernatur inventore. Nisi esse consequuntur qui nisi non. Beatae eos non ex magnam. Ut fugit adipisci quia est accusamus. Et cupiditate magnam ab sapiente fuga nisi. Quia tempore quibusdam ea aut dolorem. Voluptate ab ea ex id ut recusandae. Nisi iste fugiat iste. Illo at adipisci consequatur voluptas quae minus. Doloribus et pariatur magni nisi provident occaecati. Quis at unde incidunt. Qui tempora natus optio ipsa tempora accusamus. Ducimus quidem et quam vitae at aut. Dicta sit et quia ea quis consequuntur quaerat. Ut est alias eos eveniet eligendi id. Eum nulla doloremque odio eos eveniet dolor.', NULL, '2023-07-04 22:26:04', '2023-07-04 22:26:04'),
(20, 3, 'Dolores dignissimos occaecati.', 'natus-rerum', 'Laborum quaerat.', 'Sint praesentium nam corporis qui est doloremque repudiandae ut. Excepturi molestiae dolorem ut sit sunt voluptatibus praesentium. Unde asperiores sed sequi commodi in voluptatibus. Eaque corporis et veniam vero soluta minus repudiandae.', 'Quis blanditiis doloribus nisi autem ipsa. Laboriosam est doloribus totam impedit. Velit amet aspernatur sit qui. Quam voluptatem perferendis eos quaerat eum. Qui unde harum pariatur nesciunt quibusdam temporibus est. Quia voluptatem quisquam perferendis voluptatem aliquid ipsum qui. Nulla et tenetur amet error eius. Aliquid quasi et odio eaque aliquid omnis natus. Dolorum eligendi necessitatibus consequatur aut fugiat. Omnis et et et dolorum. Qui ea debitis odio commodi ullam facilis adipisci qui. Magni accusantium quia architecto dolore. Iusto earum adipisci expedita consequatur. Itaque alias pariatur blanditiis quaerat molestias iste aliquam laudantium. Iusto odio temporibus ut eos. Dolorum recusandae porro aliquid qui. Dolores molestias aut aut dolore. Expedita quia soluta consequatur iusto quas provident. Eius et ut quis est alias. Vitae praesentium repudiandae dolor ut. Laudantium ipsa repellat et provident voluptates rerum hic. Nesciunt quibusdam illum veniam. Et nulla aspernatur dolorum ut ea est adipisci. Quis dolorum similique itaque nobis. Dolorum cupiditate omnis sed. Est placeat ex dolores reprehenderit quaerat id. Ut quia repellendus voluptatem aut. Occaecati eveniet optio ex non mollitia ad tempora ullam. Commodi maxime aut facere eum. Dolorem ut quidem qui occaecati perspiciatis cum mollitia. Rerum et aperiam perferendis vel id nihil. Illo voluptas et quia delectus eveniet rerum laboriosam. Dignissimos est adipisci similique ab qui. Exercitationem nam corrupti architecto. Sit libero et et placeat. Repudiandae voluptate libero sint modi odio aliquid. Id libero quia vitae iusto in aut. Cum laborum incidunt dolor ab in. Autem molestiae quibusdam quam accusamus consectetur. Velit deleniti neque aliquam quia inventore perferendis quas. Nisi vel quidem itaque dignissimos. Quidem numquam beatae sit sed alias rem. Minus eligendi ducimus in ducimus provident porro. Laboriosam ab nihil nostrum accusantium mollitia ex quas. Et aut mollitia porro facilis commodi et nam. Dolores incidunt beatae minus aut. Laudantium sit quod assumenda ut ex fuga dicta. Reiciendis enim ratione dolores ipsum alias. Aut sint a aperiam occaecati tempora et culpa quis. Maiores dolores asperiores omnis ab molestiae praesentium. Natus nemo voluptates dolore voluptas. Eius accusantium officia hic et quia laboriosam et. Quos saepe ipsam natus voluptatem et. Aperiam quia vel ea provident cum in pariatur. Et corrupti ab animi voluptatem nihil. Delectus est voluptas facere cupiditate ut reprehenderit repellat nemo. Voluptatem voluptatem dolor sed aut eligendi. Consequatur officia qui omnis fugit nihil quis. Expedita alias et adipisci odit modi provident aspernatur. Est sit iure ut veritatis qui accusantium expedita.', NULL, '2023-07-04 22:26:04', '2023-07-04 22:26:04');

-- --------------------------------------------------------

--
-- Table structure for table `users`
--

CREATE TABLE `users` (
  `id` bigint(20) UNSIGNED NOT NULL,
  `name` varchar(191) COLLATE utf8mb4_unicode_ci NOT NULL,
  `email` varchar(191) COLLATE utf8mb4_unicode_ci NOT NULL,
  `email_verified_at` timestamp NULL DEFAULT NULL,
  `password` varchar(191) COLLATE utf8mb4_unicode_ci NOT NULL,
  `remember_token` varchar(100) COLLATE utf8mb4_unicode_ci DEFAULT NULL,
  `created_at` timestamp NULL DEFAULT NULL,
  `updated_at` timestamp NULL DEFAULT NULL
) ENGINE=InnoDB DEFAULT CHARSET=utf8mb4 COLLATE=utf8mb4_unicode_ci;

--
-- Dumping data for table `users`
--

INSERT INTO `users` (`id`, `name`, `email`, `email_verified_at`, `password`, `remember_token`, `created_at`, `updated_at`) VALUES
(1, 'admin', 'admin@satubenih.com', NULL, '$2y$10$ZTggOvBVT4HwViNS.LabhOf1qo/vcUR0z/7iRUmo/N1yAMB0p4WiC', NULL, '2023-07-04 22:25:47', '2023-07-04 22:25:47'),
(2, 'Jindra Latupono', 'thamrin.nasim@example.com', '2023-07-04 22:26:04', '$2y$10$92IXUNpkjO0rOQ5byMi.Ye4oKoEa3Ro9llC/.og/at2.uheWG/igi', 'hLmgAT8c6B', '2023-07-04 22:26:04', '2023-07-04 22:26:04'),
(3, 'Embuh Marpaung', 'permata.luis@example.com', '2023-07-04 22:26:04', '$2y$10$92IXUNpkjO0rOQ5byMi.Ye4oKoEa3Ro9llC/.og/at2.uheWG/igi', 'BJQ5DUaVvQ', '2023-07-04 22:26:04', '2023-07-04 22:26:04'),
(4, 'Johan Bajragin Uwais', 'wibisono.patricia@example.com', '2023-07-04 22:26:04', '$2y$10$92IXUNpkjO0rOQ5byMi.Ye4oKoEa3Ro9llC/.og/at2.uheWG/igi', 'Uhs3u44nn4', '2023-07-04 22:26:04', '2023-07-04 22:26:04'),
(5, 'Daruna Pangestu', 'mandala.wardaya@example.net', '2023-07-04 22:26:04', '$2y$10$92IXUNpkjO0rOQ5byMi.Ye4oKoEa3Ro9llC/.og/at2.uheWG/igi', 'bKUTt0begy', '2023-07-04 22:26:04', '2023-07-04 22:26:04'),
(6, 'Anastasia Rahmawati', 'cemplunk.mangunsong@example.com', '2023-07-04 22:26:04', '$2y$10$92IXUNpkjO0rOQ5byMi.Ye4oKoEa3Ro9llC/.og/at2.uheWG/igi', 'TQ2EsQkxIb', '2023-07-04 22:26:04', '2023-07-04 22:26:04'),
(7, 'Hairyanto Purwadi Rajasa S.Pt', 'hilda68@example.com', '2023-07-04 22:26:04', '$2y$10$92IXUNpkjO0rOQ5byMi.Ye4oKoEa3Ro9llC/.og/at2.uheWG/igi', '4FOmSKnFHq', '2023-07-04 22:26:04', '2023-07-04 22:26:04'),
(8, 'Tania Riyanti S.H.', 'tantri.gunarto@example.net', '2023-07-04 22:26:04', '$2y$10$92IXUNpkjO0rOQ5byMi.Ye4oKoEa3Ro9llC/.og/at2.uheWG/igi', 'J6GtjjMela', '2023-07-04 22:26:04', '2023-07-04 22:26:04'),
(9, 'Wadi Sitorus', 'aslijan03@example.net', '2023-07-04 22:26:04', '$2y$10$92IXUNpkjO0rOQ5byMi.Ye4oKoEa3Ro9llC/.og/at2.uheWG/igi', 'FXi10129AH', '2023-07-04 22:26:04', '2023-07-04 22:26:04'),
(10, 'Nugraha Suwarno M.Ak', 'rika.kurniawan@example.org', '2023-07-04 22:26:04', '$2y$10$92IXUNpkjO0rOQ5byMi.Ye4oKoEa3Ro9llC/.og/at2.uheWG/igi', 'p8NQsu4ljF', '2023-07-04 22:26:04', '2023-07-04 22:26:04'),
(11, 'Yunita Padmasari', 'kani28@example.org', '2023-07-04 22:26:04', '$2y$10$92IXUNpkjO0rOQ5byMi.Ye4oKoEa3Ro9llC/.og/at2.uheWG/igi', '5G4dgwWeFB', '2023-07-04 22:26:04', '2023-07-04 22:26:04'),
(12, 'Baktianto Dalimin Dabukke', 'luwes58@example.net', '2023-07-04 22:26:04', '$2y$10$92IXUNpkjO0rOQ5byMi.Ye4oKoEa3Ro9llC/.og/at2.uheWG/igi', '7pP0Y4qPln', '2023-07-04 22:26:04', '2023-07-04 22:26:04'),
(13, 'toriq', 'toriq23@gmail.com', NULL, '$2y$10$aoAue8sMHMenpSi48lHZdOrExFm.OBGnO1ZpZeqcCChR35qADTuKm', NULL, '2023-07-05 01:41:44', '2023-07-05 01:41:44');

--
-- Indexes for dumped tables
--

--
-- Indexes for table `campaigns`
--
ALTER TABLE `campaigns`
  ADD PRIMARY KEY (`id`),
  ADD KEY `campaigns_user_id_foreign` (`user_id`);

--
-- Indexes for table `failed_jobs`
--
ALTER TABLE `failed_jobs`
  ADD PRIMARY KEY (`id`),
  ADD UNIQUE KEY `failed_jobs_uuid_unique` (`uuid`);

--
-- Indexes for table `migrations`
--
ALTER TABLE `migrations`
  ADD PRIMARY KEY (`id`);

--
-- Indexes for table `password_resets`
--
ALTER TABLE `password_resets`
  ADD KEY `password_resets_email_index` (`email`);

--
-- Indexes for table `posts`
--
ALTER TABLE `posts`
  ADD PRIMARY KEY (`id`),
  ADD UNIQUE KEY `posts_slug_unique` (`slug`);

--
-- Indexes for table `users`
--
ALTER TABLE `users`
  ADD PRIMARY KEY (`id`),
  ADD UNIQUE KEY `users_email_unique` (`email`);

--
-- AUTO_INCREMENT for dumped tables
--

--
-- AUTO_INCREMENT for table `campaigns`
--
ALTER TABLE `campaigns`
  MODIFY `id` bigint(20) UNSIGNED NOT NULL AUTO_INCREMENT, AUTO_INCREMENT=22;

--
-- AUTO_INCREMENT for table `failed_jobs`
--
ALTER TABLE `failed_jobs`
  MODIFY `id` bigint(20) UNSIGNED NOT NULL AUTO_INCREMENT;

--
-- AUTO_INCREMENT for table `migrations`
--
ALTER TABLE `migrations`
  MODIFY `id` int(10) UNSIGNED NOT NULL AUTO_INCREMENT, AUTO_INCREMENT=6;

--
-- AUTO_INCREMENT for table `posts`
--
ALTER TABLE `posts`
  MODIFY `id` bigint(20) UNSIGNED NOT NULL AUTO_INCREMENT, AUTO_INCREMENT=21;

--
-- AUTO_INCREMENT for table `users`
--
ALTER TABLE `users`
  MODIFY `id` bigint(20) UNSIGNED NOT NULL AUTO_INCREMENT, AUTO_INCREMENT=14;

--
-- Constraints for dumped tables
--

--
-- Constraints for table `campaigns`
--
ALTER TABLE `campaigns`
  ADD CONSTRAINT `campaigns_user_id_foreign` FOREIGN KEY (`user_id`) REFERENCES `users` (`id`);
COMMIT;

/*!40101 SET CHARACTER_SET_CLIENT=@OLD_CHARACTER_SET_CLIENT */;
/*!40101 SET CHARACTER_SET_RESULTS=@OLD_CHARACTER_SET_RESULTS */;
/*!40101 SET COLLATION_CONNECTION=@OLD_COLLATION_CONNECTION */;
